"","continent_level","date","cases","new_cases","deaths","new_deaths","weeks_since_death10","weeks_since_case100","continent","pop","cases_per_million","new_cases_per_million","deaths_per_million","new_deaths_per_million"
"1","Africa",2020-02-16,1,1,0,0,0,0,"Africa",1.2e+09,0,0,0,0
"2","Africa",2020-02-23,1,0,0,0,0,0,"Africa",1.2e+09,0,0,0,0
"3","Africa",2020-03-01,4,3,0,0,0,0,"Africa",1.2e+09,0,0,0,0
"4","Africa",2020-03-08,83,79,1,1,0,0,"Africa",1.2e+09,0.1,0.1,0,0
"5","Africa",2020-03-15,317,234,8,7,0,0,"Africa",1.2e+09,0.3,0.2,0,0
"6","Africa",2020-03-22,1423,1106,46,38,0,1,"Africa",1.2e+09,1.2,0.9,0,0
"7","Africa",2020-03-29,4780,3357,151,105,1,2,"Africa",1.2e+09,4,2.8,0.1,0.1
"8","Africa",2020-04-05,9264,4484,442,291,2,3,"Africa",1.2e+09,7.7,3.7,0.4,0.2
"9","Africa",2020-04-12,14484,5220,788,346,3,4,"Africa",1.2e+09,12.1,4.3,0.7,0.3
"10","Africa",2020-04-19,22268,7784,1120,332,4,5,"Africa",1.2e+09,18.6,6.5,0.9,0.3
"11","Africa",2020-04-26,31828,9560,1422,302,5,6,"Africa",1.2e+09,26.5,8,1.2,0.3
"12","Africa",2020-05-03,44297,12469,1796,374,6,7,"Africa",1.2e+09,36.9,10.4,1.5,0.3
"13","Africa",2020-05-10,63086,18789,2290,494,7,8,"Africa",1.2e+09,52.6,15.7,1.9,0.4
"14","Africa",2020-05-17,84587,21501,2758,468,8,9,"Africa",1.2e+09,70.5,17.9,2.3,0.4
"15","Africa",2020-05-24,111605,27195,3354,596,9,10,"Africa",1.2e+09,93,22.7,2.8,0.5
"16","Africa",2020-05-31,146551,34946,4222,868,10,11,"Africa",1.2e+09,122.1,29.1,3.5,0.7
"17","Africa",2020-06-07,189536,42985,5188,966,11,12,"Africa",1.2e+09,157.9,35.8,4.3,0.8
"18","Africa",2020-06-14,241551,52015,6459,1271,12,13,"Africa",1.2e+09,201.3,43.3,5.4,1.1
"19","Africa",2020-06-21,306356,64805,8114,1655,13,14,"Africa",1.2e+09,255.3,54,6.8,1.4
"20","Africa",2020-06-28,382153,75797,9663,1549,14,15,"Africa",1.2e+09,318.5,63.2,8.1,1.3
"21","Africa",2020-07-05,476586,94433,11363,1700,15,16,"Africa",1.2e+09,397.2,78.7,9.5,1.4
"22","Africa",2020-07-12,594933,118347,13241,1878,16,17,"Africa",1.2e+09,495.8,98.6,11,1.6
"23","Africa",2020-07-19,721049,126116,15169,1928,17,18,"Africa",1.2e+09,600.9,105.1,12.6,1.6
"24","Africa",2020-07-26,847065,126017,17765,2596,18,19,"Africa",1.2e+09,705.9,105,14.8,2.2
"25","Africa",2020-08-02,957731,110666,20304,2539,19,20,"Africa",1.2e+09,798.1,92.2,16.9,2.1
"26","Africa",2020-08-09,1048272,90541,23279,2975,20,21,"Africa",1.2e+09,873.6,75.5,19.4,2.5
"27","Africa",2020-08-16,1119254,70982,25633,2354,21,22,"Africa",1.2e+09,932.7,59.2,21.4,2
"28","Africa",2020-08-23,1188019,68765,27785,2152,22,23,"Africa",1.2e+09,990,57.3,23.2,1.8
"29","Africa",2020-08-30,1245415,57396,29586,1801,23,24,"Africa",1.2e+09,1037.8,47.8,24.7,1.5
"30","Africa",2020-09-06,1299644,54229,31303,1718,24,25,"Africa",1.2e+09,1083,45.2,26.1,1.4
"31","Africa",2020-09-13,1353384,53740,32622,1333,25,26,"Africa",1.2e+09,1127.8,44.8,27.2,1.1
"32","Africa",2020-09-20,1407666,54282,33956,1334,26,27,"Africa",1.2e+09,1173.1,45.2,28.3,1.1
"33","Africa",2020-09-27,1460320,52654,35163,1207,27,28,"Africa",1.2e+09,1216.9,43.9,29.3,1
"34","Africa",2020-10-04,1514963,54643,36510,1347,28,29,"Africa",1.2e+09,1262.5,45.5,30.4,1.1
"35","Africa",2020-10-11,1578795,63832,38108,1598,29,30,"Africa",1.2e+09,1315.7,53.2,31.8,1.3
"36","Africa",2020-10-18,1646271,67476,39746,1638,30,31,"Africa",1.2e+09,1371.9,56.2,33.1,1.4
"37","Africa",2020-10-25,1718463,72192,41259,1513,31,32,"Africa",1.2e+09,1432.1,60.2,34.4,1.3
"38","Africa",2020-11-01,1795766,77303,43175,1916,32,33,"Africa",1.2e+09,1496.5,64.4,36,1.6
"39","Africa",2020-11-08,1882858,87092,45360,2185,33,34,"Africa",1.2e+09,1569,72.6,37.8,1.8
"40","Africa",2020-11-15,1976003,93145,47362,2002,34,35,"Africa",1.2e+09,1646.7,77.6,39.5,1.7
"41","Africa",2020-11-22,2070299,94296,49718,2356,35,36,"Africa",1.2e+09,1725.2,78.6,41.4,2
"42","Africa",2020-11-29,2163974,93675,51723,2005,36,37,"Africa",1.2e+09,1803.3,78.1,43.1,1.7
"43","Africa",2020-12-06,2263417,99443,53870,2147,37,38,"Africa",1.2e+09,1886.2,82.9,44.9,1.8
"44","Africa",2020-12-13,2379280,115863,56334,2464,38,39,"Africa",1.2e+09,1982.7,96.6,46.9,2.1
"45","Africa",2020-12-20,2509333,130053,59099,2765,39,40,"Africa",1.2e+09,2091.1,108.4,49.2,2.3
"46","Africa",2020-12-27,2664741,155408,62806,3707,40,41,"Africa",1.2e+09,2220.6,129.5,52.3,3.1
"47","Africa",2021-01-03,2833084,168343,67246,4440,41,42,"Africa",1.2e+09,2360.9,140.3,56,3.7
"48","Africa",2021-01-10,3056080,222996,72711,5465,42,43,"Africa",1.2e+09,2546.7,185.8,60.6,4.6
"49","Africa",2021-01-17,3264170,208090,78906,6195,43,44,"Africa",1.2e+09,2720.1,173.4,65.8,5.2
"50","Africa",2021-01-24,3439881,175711,85184,6278,44,45,"Africa",1.2e+09,2866.6,146.4,71,5.2
"51","Africa",2021-01-31,3569597,129716,90970,5786,45,46,"Africa",1.2e+09,2974.7,108.1,75.8,4.8
"52","Africa",2021-02-07,3670252,100655,95091,4121,46,47,"Africa",1.2e+09,3058.5,83.9,79.2,3.4
"53","Africa",2021-02-14,3753187,82935,98475,3384,47,48,"Africa",1.2e+09,3127.7,69.1,82.1,2.8
"54","Africa",2021-02-21,3829329,76142,101336,2861,48,49,"Africa",1.2e+09,3191.1,63.5,84.4,2.4
"55","Africa",2021-02-28,3897277,67948,103706,2370,49,50,"Africa",1.2e+09,3247.7,56.6,86.4,2
"56","Africa",2021-03-07,3964024,66747,105712,2006,50,51,"Africa",1.2e+09,3303.4,55.6,88.1,1.7
"57","Africa",2021-03-14,4035515,71491,107777,2065,51,52,"Africa",1.2e+09,3362.9,59.6,89.8,1.7
"58","Africa",2021-03-21,4106368,70853,109903,2126,52,53,"Africa",1.2e+09,3422,59,91.6,1.8
"59","Africa",2021-03-28,4185010,78642,111911,2008,53,54,"Africa",1.2e+09,3487.5,65.5,93.3,1.7
"60","Africa",2021-04-04,4270942,85932,113851,1940,54,55,"Africa",1.2e+09,3559.1,71.6,94.9,1.6
"61","Africa",2021-04-11,4350266,79324,115710,1859,55,56,"Africa",1.2e+09,3625.2,66.1,96.4,1.5
"62","Africa",2021-04-18,4431581,81315,117898,2188,56,57,"Africa",1.2e+09,3693,67.8,98.2,1.8
"63","Africa",2021-04-25,4506465,74884,120131,2233,57,58,"Africa",1.2e+09,3755.4,62.4,100.1,1.9
"64","Africa",2021-05-02,4571860,65395,122297,2166,58,59,"Africa",1.2e+09,3809.9,54.5,101.9,1.8
"65","Africa",2021-05-09,4634430,62570,124394,2097,59,60,"Africa",1.2e+09,3862,52.1,103.7,1.7
"66","Africa",2021-05-16,4688656,54226,126309,1915,60,61,"Africa",1.2e+09,3907.2,45.2,105.3,1.6
"67","Africa",2021-05-23,4756646,67990,128396,2087,61,62,"Africa",1.2e+09,3963.9,56.7,107,1.7
"68","Africa",2021-05-30,4827145,70499,130303,1907,62,63,"Africa",1.2e+09,4022.6,58.7,108.6,1.6
"69","Africa",2021-06-06,4919478,92333,132300,1997,63,64,"Africa",1.2e+09,4099.6,76.9,110.2,1.7
"70","Africa",2021-06-13,5041808,122330,134659,2359,64,65,"Africa",1.2e+09,4201.5,101.9,112.2,2
"71","Africa",2021-06-20,5201711,159903,137458,2799,65,66,"Africa",1.2e+09,4334.8,133.3,114.5,2.3
"72","Africa",2021-06-27,5412409,210698,141103,3645,66,67,"Africa",1.2e+09,4510.3,175.6,117.6,3
"73","Africa",2021-07-04,5665809,253400,145525,4422,67,68,"Africa",1.2e+09,4721.5,211.2,121.3,3.7
"74","Africa",2021-07-11,5950233,284424,151769,6244,68,69,"Africa",1.2e+09,4958.5,237,126.5,5.2
"75","Africa",2021-07-18,6232491,282258,157893,6124,69,70,"Africa",1.2e+09,5193.7,235.2,131.6,5.1
"76","Africa",2021-07-25,6468599,236108,164341,6448,70,71,"Africa",1.2e+09,5390.5,196.8,137,5.4
"77","Africa",2021-08-01,6743551,274952,170988,6647,71,72,"Africa",1.2e+09,5619.6,229.1,142.5,5.5
"78","Africa",2021-08-08,7015786,272235,177421,6433,72,73,"Africa",1.2e+09,5846.5,226.9,147.9,5.4
"79","Africa",2021-08-15,7268037,252251,183653,6232,73,74,"Africa",1.2e+09,6056.7,210.2,153,5.2
"80","Africa",2021-08-22,7508809,240772,189246,5593,74,75,"Africa",1.2e+09,6257.3,200.6,157.7,4.7
"81","Africa",2021-08-29,7746234,237425,194830,5584,75,76,"Africa",1.2e+09,6455.2,197.9,162.4,4.7
"82","Africa",2021-09-05,7915232,168998,199268,4438,76,77,"Africa",1.2e+09,6596,140.8,166.1,3.7
"83","Africa",2021-09-12,8044900,129668,202879,3611,77,78,"Africa",1.2e+09,6704.1,108.1,169.1,3
"84","Africa",2021-09-19,8158087,113187,206021,3142,78,79,"Africa",1.2e+09,6798.4,94.3,171.7,2.6
"85","Africa",2021-09-26,8263481,105506,208761,2740,79,80,"Africa",1.2e+09,6886.2,87.9,174,2.3
"86","Africa",2021-10-03,8339922,76441,212046,3285,80,81,"Africa",1.2e+09,6949.9,63.7,176.7,2.7
"87","Africa",2021-10-10,8389901,49979,213936,1890,81,82,"Africa",1.2e+09,6991.6,41.6,178.3,1.6
"88","Africa",2021-10-17,8431555,41654,215509,1573,82,83,"Africa",1.2e+09,7026.3,34.7,179.6,1.3
"89","Africa",2021-10-24,8466657,35102,216936,1427,83,84,"Africa",1.2e+09,7055.5,29.3,180.8,1.2
"90","Africa",2021-10-31,8504541,37884,218244,1308,84,85,"Africa",1.2e+09,7087.1,31.6,181.9,1.1
"91","Africa",2021-11-07,8543836,39295,219506,1262,85,86,"Africa",1.2e+09,7119.9,32.7,182.9,1.1
"92","Africa",2021-11-14,8581806,37970,220616,1110,86,87,"Africa",1.2e+09,7151.5,31.6,183.8,0.9
"93","Africa",2021-11-21,8615825,34019,221732,1116,87,88,"Africa",1.2e+09,7179.9,28.3,184.8,0.9
"94","Africa",2021-11-28,8672287,56462,222801,1074,88,89,"Africa",1.2e+09,7226.9,47.1,185.7,0.9
"95","Africa",2021-12-05,8772980,100693,223846,1045,89,90,"Africa",1.2e+09,7310.8,83.9,186.5,0.9
"96","Africa",2021-12-12,8981925,208945,224855,1009,90,91,"Africa",1.2e+09,7484.9,174.1,187.4,0.8
"97","Africa",2021-12-19,9228150,246225,225835,980,91,92,"Africa",1.2e+09,7690.1,205.2,188.2,0.8
"98","Africa",2021-12-26,9518955,290805,227230,1395,92,93,"Africa",1.2e+09,7932.5,242.3,189.4,1.2
"99","Africa",2022-01-02,9819760,300805,228786,1556,93,94,"Africa",1.2e+09,8183.1,250.7,190.7,1.3
"100","Africa",2022-01-09,10137778,318018,231420,2634,94,95,"Africa",1.2e+09,8448.1,265,192.8,2.2
"101","Africa",2022-01-16,10389049,251271,233782,2362,95,96,"Africa",1.2e+09,8657.5,209.4,194.8,2
"102","Africa",2022-01-23,10625756,236707,236253,2471,96,97,"Africa",1.2e+09,8854.8,197.3,196.9,2.1
"103","Africa",2022-01-30,10857672,231916,238671,2418,97,98,"Africa",1.2e+09,9048.1,193.3,198.9,2
"104","Africa",2022-02-06,11022184,164512,241167,2496,98,99,"Africa",1.2e+09,9185.2,137.1,201,2.1
"105","Africa",2022-02-13,11141076,118892,244051,2884,99,100,"Africa",1.2e+09,9284.2,99.1,203.4,2.4
"106","Africa",2022-02-20,11245925,104849,246949,2898,100,101,"Africa",1.2e+09,9371.6,87.4,205.8,2.4
"107","Africa",2022-02-27,11325436,79511,248541,1592,101,102,"Africa",1.2e+09,9437.9,66.3,207.1,1.3
"108","Africa",2022-03-06,11370740,45304,249370,829,102,103,"Africa",1.2e+09,9475.6,37.8,207.8,0.7
"109","Africa",2022-03-13,11431456,60716,250887,1517,103,104,"Africa",1.2e+09,9526.2,50.6,209.1,1.3
"110","Africa",2022-03-20,11460013,28557,251180,293,104,105,"Africa",1.2e+09,9550,23.8,209.3,0.2
"111","Africa",2022-03-27,11496057,36044,251565,385,105,106,"Africa",1.2e+09,9580,30,209.6,0.3
"112","Africa",2022-04-03,11564143,68086,251991,426,106,107,"Africa",1.2e+09,9636.8,56.7,210,0.4
"113","Africa",2022-04-10,11587274,23131,252248,257,107,108,"Africa",1.2e+09,9656.1,19.3,210.2,0.2
"114","Africa",2022-04-17,11608187,21037,252489,241,108,109,"Africa",1.2e+09,9673.5,17.5,210.4,0.2
"115","Africa",2022-04-24,11639598,31411,252790,301,109,110,"Africa",1.2e+09,9699.7,26.2,210.7,0.3
"116","Africa",2022-05-01,11677970,38372,252881,91,110,111,"Africa",1.2e+09,9731.6,32,210.7,0.1
"117","Africa",2022-05-08,11730848,52878,253117,237,111,112,"Africa",1.2e+09,9775.7,44.1,210.9,0.2
"118","Africa",2022-05-15,11790120,59272,253443,326,112,113,"Africa",1.2e+09,9825.1,49.4,211.2,0.3
"119","Africa",2022-05-22,11841247,51127,253730,287,113,114,"Africa",1.2e+09,9867.7,42.6,211.4,0.2
"120","Africa",2022-05-29,11875948,34701,253995,265,114,115,"Africa",1.2e+09,9896.6,28.9,211.7,0.2
"121","Africa",2022-06-05,11906424,30476,254225,230,115,116,"Africa",1.2e+09,9922,25.4,211.9,0.2
"122","Africa",2022-06-12,11938986,32562,254448,223,116,117,"Africa",1.2e+09,9949.2,27.1,212,0.2
"123","Africa",2022-06-19,11979225,40239,254659,211,117,118,"Africa",1.2e+09,9982.7,33.5,212.2,0.2
"124","Africa",2022-06-26,12027510,48285,254914,255,118,119,"Africa",1.2e+09,10022.9,40.2,212.4,0.2
"125","Africa",2022-07-03,12079022,51512,255113,199,119,120,"Africa",1.2e+09,10065.9,42.9,212.6,0.2
"126","Africa",2022-07-10,12124189,45167,255339,226,120,121,"Africa",1.2e+09,10103.5,37.6,212.8,0.2
"127","Africa",2022-07-17,12171112,46923,255544,205,121,122,"Africa",1.2e+09,10142.6,39.1,213,0.2
"128","Africa",2022-07-24,12219674,48562,255809,265,122,123,"Africa",1.2e+09,10183.1,40.5,213.2,0.2
"129","Africa",2022-07-31,12258492,38818,256031,222,123,124,"Africa",1.2e+09,10215.4,32.3,213.4,0.2
"130","Africa",2022-08-07,12282736,24244,256163,132,124,125,"Africa",1.2e+09,10235.6,20.2,213.5,0.1
"131","Africa",2022-08-14,12297160,14424,256267,104,125,126,"Africa",1.2e+09,10247.6,12,213.6,0.1
"132","Africa",2022-08-21,12312435,15275,256435,168,126,127,"Africa",1.2e+09,10260.4,12.7,213.7,0.1
"133","Africa",2022-08-28,12320229,7794,256504,69,127,128,"Africa",1.2e+09,10266.9,6.5,213.8,0.1
"134","Antarctica",2021-12-19,11,11,0,0,0,0,"Antarctica",NA,NA,NA,NA,NA
"135","Antarctica",2021-12-26,11,0,0,0,0,0,"Antarctica",NA,NA,NA,NA,NA
"136","Antarctica",2022-01-02,11,0,0,0,0,0,"Antarctica",NA,NA,NA,NA,NA
"137","Antarctica",2022-01-09,11,0,0,0,0,0,"Antarctica",NA,NA,NA,NA,NA
"138","Antarctica",2022-01-16,11,0,0,0,0,0,"Antarctica",NA,NA,NA,NA,NA
"139","Antarctica",2022-01-23,11,0,0,0,0,0,"Antarctica",NA,NA,NA,NA,NA
"140","Antarctica",2022-01-30,11,0,0,0,0,0,"Antarctica",NA,NA,NA,NA,NA
"141","Antarctica",2022-02-06,11,0,0,0,0,0,"Antarctica",NA,NA,NA,NA,NA
"142","Antarctica",2022-02-13,11,0,0,0,0,0,"Antarctica",NA,NA,NA,NA,NA
"143","Antarctica",2022-02-20,11,0,0,0,0,0,"Antarctica",NA,NA,NA,NA,NA
"144","Antarctica",2022-02-27,11,0,0,0,0,0,"Antarctica",NA,NA,NA,NA,NA
"145","Antarctica",2022-03-06,11,0,0,0,0,0,"Antarctica",NA,NA,NA,NA,NA
"146","Antarctica",2022-03-13,11,0,0,0,0,0,"Antarctica",NA,NA,NA,NA,NA
"147","Antarctica",2022-03-20,11,0,0,0,0,0,"Antarctica",NA,NA,NA,NA,NA
"148","Antarctica",2022-03-27,11,0,0,0,0,0,"Antarctica",NA,NA,NA,NA,NA
"149","Antarctica",2022-04-03,11,0,0,0,0,0,"Antarctica",NA,NA,NA,NA,NA
"150","Antarctica",2022-04-10,11,0,0,0,0,0,"Antarctica",NA,NA,NA,NA,NA
"151","Antarctica",2022-04-17,11,0,0,0,0,0,"Antarctica",NA,NA,NA,NA,NA
"152","Antarctica",2022-04-24,11,0,0,0,0,0,"Antarctica",NA,NA,NA,NA,NA
"153","Antarctica",2022-05-01,11,0,0,0,0,0,"Antarctica",NA,NA,NA,NA,NA
"154","Antarctica",2022-05-08,11,0,0,0,0,0,"Antarctica",NA,NA,NA,NA,NA
"155","Antarctica",2022-05-15,11,0,0,0,0,0,"Antarctica",NA,NA,NA,NA,NA
"156","Antarctica",2022-05-22,11,0,0,0,0,0,"Antarctica",NA,NA,NA,NA,NA
"157","Antarctica",2022-05-29,11,0,0,0,0,0,"Antarctica",NA,NA,NA,NA,NA
"158","Antarctica",2022-06-05,11,0,0,0,0,0,"Antarctica",NA,NA,NA,NA,NA
"159","Antarctica",2022-06-12,11,0,0,0,0,0,"Antarctica",NA,NA,NA,NA,NA
"160","Antarctica",2022-06-19,11,0,0,0,0,0,"Antarctica",NA,NA,NA,NA,NA
"161","Antarctica",2022-06-26,11,0,0,0,0,0,"Antarctica",NA,NA,NA,NA,NA
"162","Antarctica",2022-07-03,11,0,0,0,0,0,"Antarctica",NA,NA,NA,NA,NA
"163","Antarctica",2022-07-10,11,0,0,0,0,0,"Antarctica",NA,NA,NA,NA,NA
"164","Antarctica",2022-07-17,11,0,0,0,0,0,"Antarctica",NA,NA,NA,NA,NA
"165","Antarctica",2022-07-24,11,0,0,0,0,0,"Antarctica",NA,NA,NA,NA,NA
"166","Antarctica",2022-07-31,11,0,0,0,0,0,"Antarctica",NA,NA,NA,NA,NA
"167","Antarctica",2022-08-07,11,0,0,0,0,0,"Antarctica",NA,NA,NA,NA,NA
"168","Antarctica",2022-08-14,11,0,0,0,0,0,"Antarctica",NA,NA,NA,NA,NA
"169","Antarctica",2022-08-21,11,0,0,0,0,0,"Antarctica",NA,NA,NA,NA,NA
"170","Antarctica",2022-08-28,11,0,0,0,0,0,"Antarctica",NA,NA,NA,NA,NA
"171","Asia",2020-01-22,556,556,17,17,0,0,"Asia",4.5e+09,0.1,0.1,0,0
"172","Asia",2020-01-26,2105,1549,56,39,1,1,"Asia",4.5e+09,0.5,0.3,0,0
"173","Asia",2020-02-02,16738,14633,362,306,2,2,"Asia",4.5e+09,3.7,3.3,0.1,0.1
"174","Asia",2020-02-09,40014,23276,906,544,3,3,"Asia",4.5e+09,8.9,5.2,0.2,0.1
"175","Asia",2020-02-16,70787,30773,1769,863,4,4,"Asia",4.5e+09,15.7,6.8,0.4,0.2
"176","Asia",2020-02-23,78030,7243,2463,694,5,5,"Asia",4.5e+09,17.3,1.6,0.5,0.2
"177","Asia",2020-03-01,85321,7291,2952,489,6,6,"Asia",4.5e+09,19,1.6,0.7,0.1
"178","Asia",2020-03-08,96081,10760,3361,409,7,7,"Asia",4.5e+09,21.4,2.4,0.7,0.1
"179","Asia",2020-03-15,106931,10850,4060,699,8,8,"Asia",4.5e+09,23.8,2.4,0.9,0.2
"180","Asia",2020-03-22,123415,16484,5274,1214,9,9,"Asia",4.5e+09,27.4,3.7,1.2,0.3
"181","Asia",2020-03-29,162723,39308,6684,1410,10,10,"Asia",4.5e+09,36.2,8.7,1.5,0.3
"182","Asia",2020-04-05,224352,61629,8629,1945,11,11,"Asia",4.5e+09,49.9,13.7,1.9,0.4
"183","Asia",2020-04-12,298792,74440,11028,2399,12,12,"Asia",4.5e+09,66.4,16.5,2.5,0.5
"184","Asia",2020-04-19,382715,83923,14801,3773,13,13,"Asia",4.5e+09,85,18.6,3.3,0.8
"185","Asia",2020-04-26,471887,89172,17267,2466,14,14,"Asia",4.5e+09,104.9,19.8,3.8,0.5
"186","Asia",2020-05-03,558586,86699,19686,2419,15,15,"Asia",4.5e+09,124.1,19.3,4.4,0.5
"187","Asia",2020-05-10,669547,110961,22265,2579,16,16,"Asia",4.5e+09,148.8,24.7,4.9,0.6
"188","Asia",2020-05-17,799023,129476,24794,2529,17,17,"Asia",4.5e+09,177.6,28.8,5.5,0.6
"189","Asia",2020-05-24,961206,162183,27511,2717,18,18,"Asia",4.5e+09,213.6,36,6.1,0.6
"190","Asia",2020-05-31,1138617,177411,30828,3317,19,19,"Asia",4.5e+09,253,39.4,6.9,0.7
"191","Asia",2020-06-07,1364970,226353,35084,4256,20,20,"Asia",4.5e+09,303.3,50.3,7.8,0.9
"192","Asia",2020-06-14,1620986,256016,40342,5258,21,21,"Asia",4.5e+09,360.2,56.9,9,1.2
"193","Asia",2020-06-21,1903429,282443,48338,7996,22,22,"Asia",4.5e+09,423,62.8,10.7,1.8
"194","Asia",2020-06-28,2214129,310700,54833,6495,23,23,"Asia",4.5e+09,492,69,12.2,1.4
"195","Asia",2020-07-05,2583181,369052,62273,7440,24,24,"Asia",4.5e+09,574,82,13.8,1.7
"196","Asia",2020-07-12,2961616,378435,70361,8088,25,25,"Asia",4.5e+09,658.1,84.1,15.6,1.8
"197","Asia",2020-07-19,3401194,439578,80180,9819,26,26,"Asia",4.5e+09,755.8,97.7,17.8,2.2
"198","Asia",2020-07-26,3901840,500696,89951,9771,27,27,"Asia",4.5e+09,867.1,111.3,20,2.2
"199","Asia",2020-08-02,4455746,553906,99652,9701,28,28,"Asia",4.5e+09,990.2,123.1,22.1,2.2
"200","Asia",2020-08-09,5055135,599389,109957,10305,29,29,"Asia",4.5e+09,1123.4,133.2,24.4,2.3
"201","Asia",2020-08-16,5680108,624973,120474,10517,30,30,"Asia",4.5e+09,1262.2,138.9,26.8,2.3
"202","Asia",2020-08-23,6322733,642625,130471,10436,31,31,"Asia",4.5e+09,1405.1,142.8,29,2.3
"203","Asia",2020-08-30,7019740,697007,141393,10922,32,32,"Asia",4.5e+09,1559.9,154.9,31.4,2.4
"204","Asia",2020-09-06,7787224,767484,152453,11060,33,33,"Asia",4.5e+09,1730.5,170.6,33.9,2.5
"205","Asia",2020-09-13,8634609,847385,164622,12169,34,34,"Asia",4.5e+09,1918.8,188.3,36.6,2.7
"206","Asia",2020-09-20,9501384,866775,177563,12941,35,35,"Asia",4.5e+09,2111.4,192.6,39.5,2.9
"207","Asia",2020-09-27,10330325,828941,189905,12342,36,36,"Asia",4.5e+09,2295.6,184.2,42.2,2.7
"208","Asia",2020-10-04,11120834,790509,201874,11969,37,37,"Asia",4.5e+09,2471.3,175.7,44.9,2.7
"209","Asia",2020-10-11,11866541,745707,213621,11747,38,38,"Asia",4.5e+09,2637,165.7,47.5,2.6
"210","Asia",2020-10-18,12551944,685403,224438,10817,39,39,"Asia",4.5e+09,2789.3,152.3,49.9,2.4
"211","Asia",2020-10-25,13191864,639920,234831,10393,40,40,"Asia",4.5e+09,2931.5,142.2,52.2,2.3
"212","Asia",2020-11-01,13802002,610138,244808,9977,41,41,"Asia",4.5e+09,3067.1,135.6,54.4,2.2
"213","Asia",2020-11-08,14461962,659960,255759,10951,42,42,"Asia",4.5e+09,3213.8,146.7,56.8,2.4
"214","Asia",2020-11-15,15118384,656422,266675,10916,43,43,"Asia",4.5e+09,3359.6,145.9,59.3,2.4
"215","Asia",2020-11-22,15824204,705820,278635,11960,44,44,"Asia",4.5e+09,3516.5,156.8,61.9,2.7
"216","Asia",2020-11-29,16675500,851296,290614,11979,45,45,"Asia",4.5e+09,3705.7,189.2,64.6,2.7
"217","Asia",2020-12-06,17541949,866449,302095,11481,46,46,"Asia",4.5e+09,3898.2,192.5,67.1,2.6
"218","Asia",2020-12-13,19119594,1577645,312717,10622,47,47,"Asia",4.5e+09,4248.8,350.6,69.5,2.4
"219","Asia",2020-12-20,19813743,694149,322887,10170,48,48,"Asia",4.5e+09,4403.1,154.3,71.8,2.3
"220","Asia",2020-12-27,20395325,581582,332531,9644,49,49,"Asia",4.5e+09,4532.3,129.2,73.9,2.1
"221","Asia",2021-01-03,20931264,535939,341277,8746,50,50,"Asia",4.5e+09,4651.4,119.1,75.8,1.9
"222","Asia",2021-01-10,21510892,579628,348954,7677,51,51,"Asia",4.5e+09,4780.2,128.8,77.5,1.7
"223","Asia",2021-01-17,22084292,573400,357186,8232,52,52,"Asia",4.5e+09,4907.6,127.4,79.4,1.8
"224","Asia",2021-01-24,22597860,513568,365036,7850,53,53,"Asia",4.5e+09,5021.7,114.1,81.1,1.7
"225","Asia",2021-01-31,23113390,515530,373325,8289,54,54,"Asia",4.5e+09,5136.3,114.6,83,1.8
"226","Asia",2021-02-07,23602910,489520,380111,6786,55,55,"Asia",4.5e+09,5245.1,108.8,84.5,1.5
"227","Asia",2021-02-14,24055107,452197,386286,6175,56,56,"Asia",4.5e+09,5345.6,100.5,85.8,1.4
"228","Asia",2021-02-21,24516722,461615,392245,5959,57,57,"Asia",4.5e+09,5448.2,102.6,87.2,1.3
"229","Asia",2021-02-28,25023010,506288,398982,6737,58,58,"Asia",4.5e+09,5560.7,112.5,88.7,1.5
"230","Asia",2021-03-07,25566289,543279,404559,5577,59,59,"Asia",4.5e+09,5681.4,120.7,89.9,1.2
"231","Asia",2021-03-14,26183549,617260,410468,5909,60,60,"Asia",4.5e+09,5818.6,137.2,91.2,1.3
"232","Asia",2021-03-21,26981829,798280,419124,8656,61,61,"Asia",4.5e+09,5996,177.4,93.1,1.9
"233","Asia",2021-03-28,28010033,1028204,426924,7800,62,62,"Asia",4.5e+09,6224.5,228.5,94.9,1.7
"234","Asia",2021-04-04,29349276,1339243,437112,10188,63,63,"Asia",4.5e+09,6522.1,297.6,97.1,2.3
"235","Asia",2021-04-11,31242069,1892793,451378,14266,64,64,"Asia",4.5e+09,6942.7,420.6,100.3,3.2
"236","Asia",2021-04-18,33817688,2575619,470339,18961,65,65,"Asia",4.5e+09,7515,572.4,104.5,4.2
"237","Asia",2021-04-25,37054080,3236392,498357,28018,66,66,"Asia",4.5e+09,8234.2,719.2,110.7,6.2
"238","Asia",2021-05-02,40499948,3445868,533860,35503,67,67,"Asia",4.5e+09,9000,765.7,118.6,7.9
"239","Asia",2021-05-09,43949654,3449706,572263,38403,68,68,"Asia",4.5e+09,9766.6,766.6,127.2,8.5
"240","Asia",2021-05-16,46833418,2883764,611094,38831,69,69,"Asia",4.5e+09,10407.4,640.8,135.8,8.6
"241","Asia",2021-05-23,49204489,2371071,650763,39669,70,70,"Asia",4.5e+09,10934.3,526.9,144.6,8.8
"242","Asia",2021-05-30,51062062,1857573,685408,34645,71,71,"Asia",4.5e+09,11347.1,412.8,152.3,7.7
"243","Asia",2021-06-06,52436286,1374224,714513,29105,72,72,"Asia",4.5e+09,11652.5,305.4,158.8,6.5
"244","Asia",2021-06-13,53522210,1085924,748040,33527,73,73,"Asia",4.5e+09,11893.8,241.3,166.2,7.5
"245","Asia",2021-06-20,54464934,942724,770319,22282,74,74,"Asia",4.5e+09,12103.3,209.5,171.2,5
"246","Asia",2021-06-27,55400675,935741,787933,17614,75,75,"Asia",4.5e+09,12311.3,207.9,175.1,3.9
"247","Asia",2021-07-04,56413058,1012383,804342,16410,76,76,"Asia",4.5e+09,12536.2,225,178.7,3.6
"248","Asia",2021-07-11,57603122,1190064,824086,19744,77,77,"Asia",4.5e+09,12800.7,264.5,183.1,4.4
"249","Asia",2021-07-18,59011328,1408206,845919,21833,78,78,"Asia",4.5e+09,13113.6,312.9,188,4.9
"250","Asia",2021-07-25,60481158,1469830,873534,27615,79,79,"Asia",4.5e+09,13440.3,326.6,194.1,6.1
"251","Asia",2021-08-01,62269610,1788452,903345,29811,80,80,"Asia",4.5e+09,13837.7,397.4,200.7,6.6
"252","Asia",2021-08-08,64144601,1874991,935583,32238,81,81,"Asia",4.5e+09,14254.4,416.7,207.9,7.2
"253","Asia",2021-08-15,66021877,1877276,968569,32986,82,82,"Asia",4.5e+09,14671.5,417.2,215.2,7.3
"254","Asia",2021-08-22,67811456,1789579,1000767,32198,83,83,"Asia",4.5e+09,15069.2,397.7,222.4,7.2
"255","Asia",2021-08-29,69632325,1820869,1030634,29867,84,84,"Asia",4.5e+09,15473.9,404.6,229,6.6
"256","Asia",2021-09-05,71310596,1678271,1057522,26888,85,85,"Asia",4.5e+09,15846.8,372.9,235,6
"257","Asia",2021-09-12,72787765,1477169,1081150,23628,86,86,"Asia",4.5e+09,16175.1,328.3,240.3,5.3
"258","Asia",2021-09-19,74113537,1325772,1101810,20660,87,87,"Asia",4.5e+09,16469.7,294.6,244.8,4.6
"259","Asia",2021-09-26,75306595,1193058,1117851,16041,88,88,"Asia",4.5e+09,16734.8,265.1,248.4,3.6
"260","Asia",2021-10-03,76319233,1012638,1131657,13806,89,89,"Asia",4.5e+09,16959.8,225,251.5,3.1
"261","Asia",2021-10-10,77247944,928711,1143331,11674,90,90,"Asia",4.5e+09,17166.2,206.4,254.1,2.6
"262","Asia",2021-10-17,78083998,836054,1153664,10333,91,91,"Asia",4.5e+09,17352,185.8,256.4,2.3
"263","Asia",2021-10-24,78858848,774850,1164082,10418,92,92,"Asia",4.5e+09,17524.2,172.2,258.7,2.3
"264","Asia",2021-10-31,79597567,738719,1175843,11761,93,93,"Asia",4.5e+09,17688.3,164.2,261.3,2.6
"265","Asia",2021-11-07,80301642,704075,1186039,10196,94,94,"Asia",4.5e+09,17844.8,156.5,263.6,2.3
"266","Asia",2021-11-14,80956851,655209,1195967,9928,95,95,"Asia",4.5e+09,17990.4,145.6,265.8,2.2
"267","Asia",2021-11-21,81578332,621481,1205864,9897,96,96,"Asia",4.5e+09,18128.5,138.1,268,2.2
"268","Asia",2021-11-28,82224571,646239,1216215,10351,97,97,"Asia",4.5e+09,18272.1,143.6,270.3,2.3
"269","Asia",2021-12-05,82817775,593204,1228098,11883,98,98,"Asia",4.5e+09,18404,131.8,272.9,2.6
"270","Asia",2021-12-12,83381318,563543,1237169,9071,99,99,"Asia",4.5e+09,18529.2,125.2,274.9,2
"271","Asia",2021-12-19,83921428,540110,1245398,8229,100,100,"Asia",4.5e+09,18649.2,120,276.8,1.8
"272","Asia",2021-12-26,84421638,500210,1253978,8580,101,101,"Asia",4.5e+09,18760.4,111.2,278.7,1.9
"273","Asia",2022-01-02,85160973,739335,1261352,7374,102,102,"Asia",4.5e+09,18924.7,164.3,280.3,1.6
"274","Asia",2022-01-09,87092921,1931948,1268537,7185,103,103,"Asia",4.5e+09,19354,429.3,281.9,1.6
"275","Asia",2022-01-16,90606000,3513079,1276025,7488,104,104,"Asia",4.5e+09,20134.7,780.7,283.6,1.7
"276","Asia",2022-01-23,95202247,4596247,1284277,8252,105,105,"Asia",4.5e+09,21156.1,1021.4,285.4,1.8
"277","Asia",2022-01-30,100148005,4945758,1294904,10627,106,106,"Asia",4.5e+09,22255.1,1099.1,287.8,2.4
"278","Asia",2022-02-06,104622125,4474120,1309595,14691,107,107,"Asia",4.5e+09,23249.4,994.2,291,3.3
"279","Asia",2022-02-13,108641989,4019864,1324458,14863,108,108,"Asia",4.5e+09,24142.7,893.3,294.3,3.3
"280","Asia",2022-02-20,112530762,3888773,1338270,13812,109,109,"Asia",4.5e+09,25006.8,864.2,297.4,3.1
"281","Asia",2022-02-27,116696542,4165780,1351656,13386,110,110,"Asia",4.5e+09,25932.6,925.7,300.4,3
"282","Asia",2022-03-06,121574505,4877963,1365151,13495,111,111,"Asia",4.5e+09,27016.6,1084,303.4,3
"283","Asia",2022-03-13,127095175,5520670,1377726,12575,112,112,"Asia",4.5e+09,28243.4,1226.8,306.2,2.8
"284","Asia",2022-03-20,132970406,5875231,1389308,11582,113,113,"Asia",4.5e+09,29549,1305.6,308.7,2.6
"285","Asia",2022-03-27,137508812,4538406,1402574,13266,114,114,"Asia",4.5e+09,30557.5,1008.5,311.7,2.9
"286","Asia",2022-04-03,141309461,3800649,1409772,7198,115,115,"Asia",4.5e+09,31402.1,844.6,313.3,1.6
"287","Asia",2022-04-10,143973533,2664072,1416061,6289,116,116,"Asia",4.5e+09,31994.1,592,314.7,1.4
"288","Asia",2022-04-17,145869529,1895996,1420647,4586,117,117,"Asia",4.5e+09,32415.5,421.3,315.7,1
"289","Asia",2022-04-24,147209294,1339765,1424292,3645,118,118,"Asia",4.5e+09,32713.2,297.7,316.5,0.8
"290","Asia",2022-05-01,148211369,1002075,1429021,4729,119,119,"Asia",4.5e+09,32935.9,222.7,317.6,1.1
"291","Asia",2022-05-08,149005399,794030,1430970,1949,120,120,"Asia",4.5e+09,33112.3,176.5,318,0.4
"292","Asia",2022-05-15,150197202,1191803,1432677,1707,121,121,"Asia",4.5e+09,33377.2,264.8,318.4,0.4
"293","Asia",2022-05-22,151305640,1108438,1434170,1493,122,122,"Asia",4.5e+09,33623.5,246.3,318.7,0.3
"294","Asia",2022-05-29,152342700,1037060,1435965,1795,123,123,"Asia",4.5e+09,33853.9,230.5,319.1,0.4
"295","Asia",2022-06-05,153214202,871502,1437634,1669,124,124,"Asia",4.5e+09,34047.6,193.7,319.5,0.4
"296","Asia",2022-06-12,154051065,836863,1439504,1870,125,125,"Asia",4.5e+09,34233.6,186,319.9,0.4
"297","Asia",2022-06-19,154868172,817107,1441544,2040,126,126,"Asia",4.5e+09,34415.1,181.6,320.3,0.5
"298","Asia",2022-06-26,155682222,814050,1443237,1693,127,127,"Asia",4.5e+09,34596,180.9,320.7,0.4
"299","Asia",2022-07-03,156606401,924179,1444821,1584,128,128,"Asia",4.5e+09,34801.4,205.4,321.1,0.4
"300","Asia",2022-07-10,157774565,1168164,1446476,1655,129,129,"Asia",4.5e+09,35061,259.6,321.4,0.4
"301","Asia",2022-07-17,159461903,1687338,1448237,1761,130,130,"Asia",4.5e+09,35436,375,321.8,0.4
"302","Asia",2022-07-24,161940413,2478510,1450357,2120,131,131,"Asia",4.5e+09,35986.8,550.8,322.3,0.5
"303","Asia",2022-07-31,165009889,3069476,1453116,2759,132,132,"Asia",4.5e+09,36668.9,682.1,322.9,0.6
"304","Asia",2022-08-07,168848856,3838967,1456586,3470,133,133,"Asia",4.5e+09,37522,853.1,323.7,0.8
"305","Asia",2022-08-14,171707632,2858776,1460479,3893,134,134,"Asia",4.5e+09,38157.3,635.3,324.6,0.9
"306","Asia",2022-08-21,175027384,3319752,1465427,4948,135,135,"Asia",4.5e+09,38895,737.7,325.7,1.1
"307","Asia",2022-08-28,177603030,2575646,1469901,4474,136,136,"Asia",4.5e+09,39467.3,572.4,326.6,1
"308","Europe",2020-01-26,3,3,0,0,0,0,"Europe",7.4e+08,0,0,0,0
"309","Europe",2020-02-02,25,22,2,2,0,0,"Europe",7.4e+08,0,0,0,0
"310","Europe",2020-02-09,49,24,2,0,0,0,"Europe",7.4e+08,0.1,0,0,0
"311","Europe",2020-02-16,57,8,3,1,0,0,"Europe",7.4e+08,0.1,0,0,0
"312","Europe",2020-02-23,220,163,7,4,0,0,"Europe",7.4e+08,0.3,0.2,0,0
"313","Europe",2020-03-01,2251,2031,40,33,0,1,"Europe",7.4e+08,3,2.7,0.1,0
"314","Europe",2020-03-08,12261,10010,420,380,1,2,"Europe",7.4e+08,16.6,13.5,0.6,0.5
"315","Europe",2020-03-15,55966,43705,2396,1976,2,3,"Europe",7.4e+08,75.6,59.1,3.2,2.7
"316","Europe",2020-03-22,169031,113065,9368,6976,3,4,"Europe",7.4e+08,228.4,152.8,12.7,9.4
"317","Europe",2020-03-29,386515,217484,26715,17347,4,5,"Europe",7.4e+08,522.3,293.9,36.1,23.4
"318","Europe",2020-04-05,607830,221315,54685,27970,5,6,"Europe",7.4e+08,821.4,299.1,73.9,37.8
"319","Europe",2020-04-12,861191,253361,85846,31161,6,7,"Europe",7.4e+08,1163.8,342.4,116,42.1
"320","Europe",2020-04-19,1091569,230378,114130,28284,7,8,"Europe",7.4e+08,1475.1,311.3,154.2,38.2
"321","Europe",2020-04-26,1261936,170367,136661,22531,8,9,"Europe",7.4e+08,1705.3,230.2,184.7,30.4
"322","Europe",2020-05-03,1421239,159303,153163,16502,9,10,"Europe",7.4e+08,1920.6,215.3,207,22.3
"323","Europe",2020-05-10,1581397,160158,166114,12951,10,11,"Europe",7.4e+08,2137,216.4,224.5,17.5
"324","Europe",2020-05-17,1722969,141572,176354,10240,11,12,"Europe",7.4e+08,2328.3,191.3,238.3,13.8
"325","Europe",2020-05-24,1844087,121118,183633,7279,12,13,"Europe",7.4e+08,2492,163.7,248.2,9.8
"326","Europe",2020-05-31,1957932,113845,187619,5611,13,14,"Europe",7.4e+08,2645.9,153.8,253.5,7.6
"327","Europe",2020-06-07,2065642,107710,192111,4492,14,15,"Europe",7.4e+08,2791.4,145.6,259.6,6.1
"328","Europe",2020-06-14,2175779,110137,195851,3740,15,16,"Europe",7.4e+08,2940.2,148.8,264.7,5.1
"329","Europe",2020-06-21,2282177,106398,200352,4501,16,17,"Europe",7.4e+08,3084,143.8,270.7,6.1
"330","Europe",2020-06-28,2382221,100044,203166,2814,17,18,"Europe",7.4e+08,3219.2,135.2,274.5,3.8
"331","Europe",2020-07-05,2473167,90946,205907,2741,18,19,"Europe",7.4e+08,3342.1,122.9,278.3,3.7
"332","Europe",2020-07-12,2566718,93551,208543,2636,19,20,"Europe",7.4e+08,3468.5,126.4,281.8,3.6
"333","Europe",2020-07-19,2665187,98469,210854,2312,20,21,"Europe",7.4e+08,3601.6,133.1,284.9,3.1
"334","Europe",2020-07-26,2775120,109933,213021,2167,21,22,"Europe",7.4e+08,3750.2,148.6,287.9,2.9
"335","Europe",2020-08-02,2897679,122559,215150,2145,22,23,"Europe",7.4e+08,3915.8,165.6,290.7,2.9
"336","Europe",2020-08-09,3038250,140571,217385,2235,23,24,"Europe",7.4e+08,4105.7,190,293.8,3
"337","Europe",2020-08-16,3200069,161819,219809,2424,24,25,"Europe",7.4e+08,4324.4,218.7,297,3.3
"338","Europe",2020-08-23,3385632,185563,222104,2295,25,26,"Europe",7.4e+08,4575.2,250.8,300.1,3.1
"339","Europe",2020-08-30,3596538,212056,224276,2270,26,27,"Europe",7.4e+08,4860.2,286.6,303.1,3.1
"340","Europe",2020-09-06,3839660,243129,226935,2662,27,28,"Europe",7.4e+08,5188.7,328.6,306.7,3.6
"341","Europe",2020-09-13,4131065,291405,229621,2686,28,29,"Europe",7.4e+08,5582.5,393.8,310.3,3.6
"342","Europe",2020-09-20,4481744,350679,233356,3735,29,30,"Europe",7.4e+08,6056.4,473.9,315.3,5
"343","Europe",2020-09-27,4895425,413681,237576,4220,30,31,"Europe",7.4e+08,6615.4,559,321,5.7
"344","Europe",2020-10-04,5385391,489966,242448,4872,31,32,"Europe",7.4e+08,7277.6,662.1,327.6,6.6
"345","Europe",2020-10-11,6080518,695127,248640,6193,32,33,"Europe",7.4e+08,8216.9,939.4,336,8.4
"346","Europe",2020-10-18,7038949,958431,256972,8332,33,34,"Europe",7.4e+08,9512.1,1295.2,347.3,11.3
"347","Europe",2020-10-25,8376218,1337269,268812,11840,34,35,"Europe",7.4e+08,11319.2,1807.1,363.3,16
"348","Europe",2020-11-01,10179200,1802982,286572,17760,35,36,"Europe",7.4e+08,13755.7,2436.5,387.3,24
"349","Europe",2020-11-08,12174355,1995155,312626,26054,36,37,"Europe",7.4e+08,16451.8,2696.2,422.5,35.2
"350","Europe",2020-11-15,14001536,1827181,342643,30017,37,38,"Europe",7.4e+08,18921,2469.2,463,40.6
"351","Europe",2020-11-22,15705628,1704092,375915,33272,38,39,"Europe",7.4e+08,21223.8,2302.8,508,45
"352","Europe",2020-11-29,17183150,1477522,411019,35104,39,40,"Europe",7.4e+08,23220.5,1996.7,555.4,47.4
"353","Europe",2020-12-06,18562084,1378934,445743,34724,40,41,"Europe",7.4e+08,25083.9,1863.4,602.4,46.9
"354","Europe",2020-12-13,19974653,1412569,479673,33930,41,42,"Europe",7.4e+08,26992.8,1908.9,648.2,45.9
"355","Europe",2020-12-20,21492772,1518119,514879,35206,42,43,"Europe",7.4e+08,29044.3,2051.5,695.8,47.6
"356","Europe",2020-12-27,22888375,1395603,545707,30828,43,44,"Europe",7.4e+08,30930.2,1886,737.4,41.7
"357","Europe",2021-01-03,24433403,1545028,578644,32937,44,45,"Europe",7.4e+08,33018.1,2087.9,782,44.5
"358","Europe",2021-01-10,26211069,1777666,615072,36428,45,46,"Europe",7.4e+08,35420.4,2402.3,831.2,49.2
"359","Europe",2021-01-17,27785549,1574480,654252,39180,46,47,"Europe",7.4e+08,37548,2127.7,884.1,52.9
"360","Europe",2021-01-24,29235169,1449620,693693,39441,47,48,"Europe",7.4e+08,39507,1958.9,937.4,53.3
"361","Europe",2021-01-31,30534408,1299239,731026,37333,48,49,"Europe",7.4e+08,41262.7,1755.7,987.9,50.5
"362","Europe",2021-02-07,31671755,1137347,764990,33964,49,50,"Europe",7.4e+08,42799.7,1537,1033.8,45.9
"363","Europe",2021-02-14,32625128,953373,794853,29863,50,51,"Europe",7.4e+08,44088,1288.3,1074.1,40.4
"364","Europe",2021-02-21,33571916,946788,819915,25062,51,52,"Europe",7.4e+08,45367.5,1279.4,1108,33.9
"365","Europe",2021-02-28,34602351,1030435,842210,22295,52,53,"Europe",7.4e+08,46759.9,1392.5,1138.1,30.1
"366","Europe",2021-03-07,35602521,1039711,864044,21834,53,54,"Europe",7.4e+08,48111.5,1405,1167.6,29.5
"367","Europe",2021-03-14,36774880,1172359,885546,21502,54,55,"Europe",7.4e+08,49695.8,1584.3,1196.7,29.1
"368","Europe",2021-03-21,38107506,1332626,907427,21881,55,56,"Europe",7.4e+08,51496.6,1800.8,1226.3,29.6
"369","Europe",2021-03-28,39578693,1471187,932121,24694,56,57,"Europe",7.4e+08,53484.7,1988.1,1259.6,33.4
"370","Europe",2021-04-04,41007432,1428739,956309,24188,57,58,"Europe",7.4e+08,55415.4,1930.7,1292.3,32.7
"371","Europe",2021-04-11,42239211,1231779,981490,25181,58,59,"Europe",7.4e+08,57080,1664.6,1326.3,34
"372","Europe",2021-04-18,43445183,1205972,1005973,24483,59,60,"Europe",7.4e+08,58709.7,1629.7,1359.4,33.1
"373","Europe",2021-04-25,44522475,1077292,1028990,23017,60,61,"Europe",7.4e+08,60165.5,1455.8,1390.5,31.1
"374","Europe",2021-05-02,45409178,886703,1049059,20069,61,62,"Europe",7.4e+08,61363.8,1198.2,1417.6,27.1
"375","Europe",2021-05-09,46137297,728119,1066051,16992,62,63,"Europe",7.4e+08,62347.7,983.9,1440.6,23
"376","Europe",2021-05-16,46727660,590363,1080413,14362,63,64,"Europe",7.4e+08,63145.5,797.8,1460,19.4
"377","Europe",2021-05-23,46847814,394183,1092166,11753,64,65,"Europe",7.4e+08,63307.9,532.7,1475.9,15.9
"378","Europe",2021-05-30,47221301,373487,1101955,9789,65,66,"Europe",7.4e+08,63812.6,504.7,1489.1,13.2
"379","Europe",2021-06-06,47536742,315441,1110039,8084,66,67,"Europe",7.4e+08,64238.8,426.3,1500.1,10.9
"380","Europe",2021-06-13,47831985,295243,1117524,7485,67,68,"Europe",7.4e+08,64637.8,399,1510.2,10.1
"381","Europe",2021-06-20,48110824,278839,1123908,6384,68,69,"Europe",7.4e+08,65014.6,376.8,1518.8,8.6
"382","Europe",2021-06-27,48443505,332681,1130835,6927,69,70,"Europe",7.4e+08,65464.2,449.6,1528.2,9.4
"383","Europe",2021-07-04,48913791,470286,1137876,7041,70,71,"Europe",7.4e+08,66099.7,635.5,1537.7,9.5
"384","Europe",2021-07-11,49572583,658792,1144702,6837,71,72,"Europe",7.4e+08,66990,890.3,1546.9,9.2
"385","Europe",2021-07-18,50479637,907054,1151567,6865,72,73,"Europe",7.4e+08,68215.7,1225.7,1556.2,9.3
"386","Europe",2021-07-25,51414071,934434,1158656,7089,73,74,"Europe",7.4e+08,69478.5,1262.7,1565.8,9.6
"387","Europe",2021-08-01,52273753,859682,1166181,7525,74,75,"Europe",7.4e+08,70640.2,1161.7,1575.9,10.2
"388","Europe",2021-08-08,53135081,861328,1174288,8118,75,76,"Europe",7.4e+08,71804.2,1164,1586.9,11
"389","Europe",2021-08-15,54023670,888589,1182797,8509,76,77,"Europe",7.4e+08,73005,1200.8,1598.4,11.5
"390","Europe",2021-08-22,54940605,916935,1192430,9633,77,78,"Europe",7.4e+08,74244.1,1239.1,1611.4,13
"391","Europe",2021-08-29,55859151,918546,1203125,10695,78,79,"Europe",7.4e+08,75485.3,1241.3,1625.8,14.5
"392","Europe",2021-09-05,56739539,880388,1214194,11069,79,80,"Europe",7.4e+08,76675.1,1189.7,1640.8,15
"393","Europe",2021-09-12,57602449,862910,1225600,11406,80,81,"Europe",7.4e+08,77841.1,1166.1,1656.2,15.4
"394","Europe",2021-09-19,58426392,823943,1237584,11984,81,82,"Europe",7.4e+08,78954.6,1113.4,1672.4,16.2
"395","Europe",2021-09-26,59273413,847021,1250124,12540,82,83,"Europe",7.4e+08,80099.2,1144.6,1689.4,16.9
"396","Europe",2021-10-03,60192842,919429,1263639,13515,83,84,"Europe",7.4e+08,81341.7,1242.5,1707.6,18.3
"397","Europe",2021-10-10,61210298,1017456,1278965,15326,84,85,"Europe",7.4e+08,82716.6,1374.9,1728.3,20.7
"398","Europe",2021-10-17,62361544,1151246,1295877,16912,85,86,"Europe",7.4e+08,84272.4,1555.7,1751.2,22.9
"399","Europe",2021-10-24,63788869,1427325,1315450,19573,86,87,"Europe",7.4e+08,86201.2,1928.8,1777.6,26.4
"400","Europe",2021-10-31,65370839,1581970,1337836,22386,87,88,"Europe",7.4e+08,88339,2137.8,1807.9,30.3
"401","Europe",2021-11-07,67098528,1727689,1362230,24394,88,89,"Europe",7.4e+08,90673.7,2334.7,1840.9,33
"402","Europe",2021-11-14,69073514,1974986,1388355,26125,89,90,"Europe",7.4e+08,93342.6,2668.9,1876.2,35.3
"403","Europe",2021-11-21,71370013,2296499,1415577,27222,90,91,"Europe",7.4e+08,96446,3103.4,1912.9,36.8
"404","Europe",2021-11-28,73926964,2556951,1442998,27421,91,92,"Europe",7.4e+08,99901.3,3455.3,1950,37.1
"405","Europe",2021-12-05,76545228,2618264,1470098,27100,92,93,"Europe",7.4e+08,103439.5,3538.2,1986.6,36.6
"406","Europe",2021-12-12,79071263,2526035,1497137,27039,93,94,"Europe",7.4e+08,106853.1,3413.6,2023.2,36.5
"407","Europe",2021-12-19,81702530,2631267,1522936,25799,94,95,"Europe",7.4e+08,110408.8,3555.8,2058,34.9
"408","Europe",2021-12-26,84662364,2959834,1545660,22724,95,96,"Europe",7.4e+08,114408.6,3999.8,2088.7,30.7
"409","Europe",2022-01-02,89850333,5187969,1568044,22384,96,97,"Europe",7.4e+08,121419.4,7010.8,2119,30.2
"410","Europe",2022-01-09,97429932,7579599,1588106,20062,97,98,"Europe",7.4e+08,131662.1,10242.7,2146.1,27.1
"411","Europe",2022-01-16,105475511,8045579,1609279,21173,98,99,"Europe",7.4e+08,142534.5,10872.4,2174.7,28.6
"412","Europe",2022-01-23,115189300,9713789,1629494,20215,99,100,"Europe",7.4e+08,155661.2,13126.7,2202,27.3
"413","Europe",2022-01-30,126096454,10907154,1649942,20448,100,101,"Europe",7.4e+08,170400.6,14739.4,2229.7,27.6
"414","Europe",2022-02-06,136984468,10888014,1671766,21824,101,102,"Europe",7.4e+08,185114.1,14713.5,2259.1,29.5
"415","Europe",2022-02-13,145892094,8907626,1695647,23881,102,103,"Europe",7.4e+08,197151.5,12037.3,2291.4,32.3
"416","Europe",2022-02-20,152390852,6498758,1719576,23929,103,104,"Europe",7.4e+08,205933.6,8782.1,2323.8,32.3
"417","Europe",2022-02-27,157389523,4998671,1740652,21076,104,105,"Europe",7.4e+08,212688.5,6755,2352.2,28.5
"418","Europe",2022-03-06,161961322,4571799,1758745,18093,105,106,"Europe",7.4e+08,218866.7,6178.1,2376.7,24.4
"419","Europe",2022-03-13,166957959,4996637,1773889,15144,106,107,"Europe",7.4e+08,225618.9,6752.2,2397.1,20.5
"420","Europe",2022-03-20,172317445,5359486,1787431,13542,107,108,"Europe",7.4e+08,232861.4,7242.5,2415.4,18.3
"421","Europe",2022-03-27,177746276,5428831,1799701,12270,108,109,"Europe",7.4e+08,240197.7,7336.3,2432,16.6
"422","Europe",2022-04-03,182510380,4764104,1810985,11284,109,110,"Europe",7.4e+08,246635.6,6438,2447.3,15.2
"423","Europe",2022-04-10,186144121,3633741,1821755,10770,110,111,"Europe",7.4e+08,251546.1,4910.5,2461.8,14.6
"424","Europe",2022-04-17,188989324,2845203,1830691,8936,111,112,"Europe",7.4e+08,255391,3844.9,2473.9,12.1
"425","Europe",2022-04-24,191527654,2538330,1839345,8654,112,113,"Europe",7.4e+08,258821.2,3430.2,2485.6,11.7
"426","Europe",2022-05-01,193536401,2008747,1847102,7758,113,114,"Europe",7.4e+08,261535.7,2714.5,2496.1,10.5
"427","Europe",2022-05-08,195149591,1613190,1853451,6349,114,115,"Europe",7.4e+08,263715.7,2180,2504.7,8.6
"428","Europe",2022-05-15,196643046,1493455,1858959,5508,115,116,"Europe",7.4e+08,265733.8,2018.2,2512.1,7.4
"429","Europe",2022-05-22,197839081,1196035,1863774,4815,116,117,"Europe",7.4e+08,267350.1,1616.3,2518.6,6.5
"430","Europe",2022-05-29,198743164,904083,1867628,3854,117,118,"Europe",7.4e+08,268571.8,1221.7,2523.8,5.2
"431","Europe",2022-06-05,199696809,953645,1871146,3518,118,119,"Europe",7.4e+08,269860.6,1288.7,2528.6,4.8
"432","Europe",2022-06-12,200721956,1025147,1874285,3139,119,120,"Europe",7.4e+08,271245.9,1385.3,2532.8,4.2
"433","Europe",2022-06-19,202203800,1481844,1877823,3538,120,121,"Europe",7.4e+08,273248.4,2002.5,2537.6,4.8
"434","Europe",2022-06-26,204218798,2014998,1881000,3177,121,122,"Europe",7.4e+08,275971.3,2723,2541.9,4.3
"435","Europe",2022-07-03,206838458,2619660,1884269,3269,122,123,"Europe",7.4e+08,279511.4,3540.1,2546.3,4.4
"436","Europe",2022-07-10,209947278,3108820,1888540,4271,123,124,"Europe",7.4e+08,283712.5,4201.1,2552.1,5.8
"437","Europe",2022-07-17,212712067,2764789,1893128,4588,124,125,"Europe",7.4e+08,287448.7,3736.2,2558.3,6.2
"438","Europe",2022-07-24,215760886,3049589,1899008,5880,125,126,"Europe",7.4e+08,291568.8,4121.1,2566.2,7.9
"439","Europe",2022-07-31,217831898,2071012,1904795,5787,126,127,"Europe",7.4e+08,294367.4,2798.7,2574,7.8
"440","Europe",2022-08-07,219514203,1682604,1910503,5708,127,128,"Europe",7.4e+08,296640.8,2273.8,2581.8,7.7
"441","Europe",2022-08-14,220906790,1392587,1916056,5553,128,129,"Europe",7.4e+08,298522.7,1881.9,2589.3,7.5
"442","Europe",2022-08-21,222155304,1248514,1920692,4636,129,130,"Europe",7.4e+08,300209.9,1687.2,2595.5,6.3
"443","Europe",2022-08-28,223349071,1193767,1924647,4263,130,131,"Europe",7.4e+08,301823.1,1613.2,2600.9,5.8
"444","North America",2020-01-22,1,1,0,0,0,0,"North America",5.8e+08,0,0,0,0
"445","North America",2020-01-26,8,7,0,0,0,0,"North America",5.8e+08,0,0,0,0
"446","North America",2020-02-02,12,4,0,0,0,0,"North America",5.8e+08,0,0,0,0
"447","North America",2020-02-09,20,8,0,0,0,0,"North America",5.8e+08,0,0,0,0
"448","North America",2020-02-16,23,3,0,0,0,0,"North America",5.8e+08,0,0,0,0
"449","North America",2020-02-23,31,8,0,0,0,0,"North America",5.8e+08,0.1,0,0,0
"450","North America",2020-03-01,76,45,1,1,0,0,"North America",5.8e+08,0.1,0.1,0,0
"451","North America",2020-03-08,656,580,21,20,0,0,"North America",5.8e+08,1.1,1,0,0
"452","North America",2020-03-15,3919,3263,72,51,1,1,"North America",5.8e+08,6.8,5.6,0.1,0.1
"453","North America",2020-03-22,38741,34822,639,567,2,2,"North America",5.8e+08,66.8,60,1.1,1
"454","North America",2020-03-29,155369,116628,3761,3122,3,3,"North America",5.8e+08,267.9,201.1,6.5,5.4
"455","North America",2020-04-05,377916,222547,13926,10165,4,4,"North America",5.8e+08,651.6,383.7,24,17.5
"456","North America",2020-04-12,611769,233853,29925,15999,5,5,"North America",5.8e+08,1054.8,403.2,51.6,27.6
"457","North America",2020-04-19,828604,216835,46775,16850,6,6,"North America",5.8e+08,1428.6,373.9,80.6,29.1
"458","North America",2020-04-26,1057024,228420,63580,16805,7,7,"North America",5.8e+08,1822.5,393.8,109.6,29
"459","North America",2020-05-03,1271870,214846,78936,15356,8,8,"North America",5.8e+08,2192.9,370.4,136.1,26.5
"460","North America",2020-05-10,1468122,196252,93569,14633,9,9,"North America",5.8e+08,2531.2,338.4,161.3,25.2
"461","North America",2020-05-17,1651797,183675,105954,12385,10,10,"North America",5.8e+08,2847.9,316.7,182.7,21.4
"462","North America",2020-05-24,1841591,189794,117216,11262,11,11,"North America",5.8e+08,3175.2,327.2,202.1,19.4
"463","North America",2020-05-31,2023847,182256,127009,9793,12,12,"North America",5.8e+08,3489.4,314.2,219,16.9
"464","North America",2020-06-07,2214604,190757,137164,10155,13,13,"North America",5.8e+08,3818.3,328.9,236.5,17.5
"465","North America",2020-06-14,2413462,198858,146119,8955,14,14,"North America",5.8e+08,4161.1,342.9,251.9,15.4
"466","North America",2020-06-21,2657979,244517,155474,9355,15,15,"North America",5.8e+08,4582.7,421.6,268.1,16.1
"467","North America",2020-06-28,2996562,338583,164836,9362,16,16,"North America",5.8e+08,5166.5,583.8,284.2,16.1
"468","North America",2020-07-05,3415432,418871,173260,8424,17,17,"North America",5.8e+08,5888.7,722.2,298.7,14.5
"469","North America",2020-07-12,3901430,485998,183898,10638,18,18,"North America",5.8e+08,6726.6,837.9,317.1,18.3
"470","North America",2020-07-19,4438923,537493,194492,10594,19,19,"North America",5.8e+08,7653.3,926.7,335.3,18.3
"471","North America",2020-07-26,4984073,545150,206419,11927,20,20,"North America",5.8e+08,8593.2,939.9,355.9,20.6
"472","North America",2020-08-02,5496220,512147,219294,12875,21,21,"North America",5.8e+08,9476.2,883,378.1,22.2
"473","North America",2020-08-09,5968753,472533,232068,12774,22,22,"North America",5.8e+08,10291,814.7,400.1,22
"474","North America",2020-08-16,6417966,449213,244340,12272,23,23,"North America",5.8e+08,11065.5,774.5,421.3,21.2
"475","North America",2020-08-23,6786783,368817,254826,10486,24,24,"North America",5.8e+08,11701.4,635.9,439.4,18.1
"476","North America",2020-08-30,7147791,361008,265525,10699,25,25,"North America",5.8e+08,12323.8,622.4,457.8,18.4
"477","North America",2020-09-06,7500770,352979,275429,9904,26,26,"North America",5.8e+08,12932.4,608.6,474.9,17.1
"478","North America",2020-09-13,7824734,323964,284375,8946,27,27,"North America",5.8e+08,13490.9,558.6,490.3,15.4
"479","North America",2020-09-20,8181745,357011,293021,8646,28,28,"North America",5.8e+08,14106.5,615.5,505.2,14.9
"480","North America",2020-09-27,8537155,355410,301909,8888,29,29,"North America",5.8e+08,14719.2,612.8,520.5,15.3
"481","North America",2020-10-04,8911399,374244,310240,8331,30,30,"North America",5.8e+08,15364.5,645.2,534.9,14.4
"482","North America",2020-10-11,9359206,447807,320679,10439,31,31,"North America",5.8e+08,16136.6,772.1,552.9,18
"483","North America",2020-10-18,9829907,470701,328884,8205,32,32,"North America",5.8e+08,16948.1,811.6,567,14.1
"484","North America",2020-10-25,10407670,577763,338148,9264,33,33,"North America",5.8e+08,17944.3,996.1,583,16
"485","North America",2020-11-01,11083096,675426,347933,9785,34,34,"North America",5.8e+08,19108.8,1164.5,599.9,16.9
"486","North America",2020-11-08,11990740,907644,359252,11319,35,35,"North America",5.8e+08,20673.7,1564.9,619.4,19.5
"487","North America",2020-11-15,13137820,1147080,371977,12725,36,36,"North America",5.8e+08,22651.4,1977.7,641.3,21.9
"488","North America",2020-11-22,14447073,1309253,387291,15314,37,37,"North America",5.8e+08,24908.7,2257.3,667.7,26.4
"489","North America",2020-11-29,15760702,1313629,403337,16046,38,38,"North America",5.8e+08,27173.6,2264.9,695.4,27.7
"490","North America",2020-12-06,17317833,1557131,424585,21248,39,39,"North America",5.8e+08,29858.3,2684.7,732,36.6
"491","North America",2020-12-13,19004519,1686686,447708,23123,40,40,"North America",5.8e+08,32766.4,2908.1,771.9,39.9
"492","North America",2020-12-20,20714126,1709607,472566,24858,41,41,"North America",5.8e+08,35714,2947.6,814.8,42.9
"493","North America",2020-12-27,22176471,1462345,494444,21878,42,42,"North America",5.8e+08,38235.3,2521.3,852.5,37.7
"494","North America",2021-01-03,23908114,1731643,519430,24986,43,43,"North America",5.8e+08,41220.9,2985.6,895.6,43.1
"495","North America",2021-01-10,25849239,1941125,550726,31296,44,44,"North America",5.8e+08,44567.7,3346.8,949.5,54
"496","North America",2021-01-17,27587183,1737944,582981,32255,45,45,"North America",5.8e+08,47564.1,2996.5,1005.1,55.6
"497","North America",2021-01-24,28981267,1394084,615417,32436,46,46,"North America",5.8e+08,49967.7,2403.6,1061.1,55.9
"498","North America",2021-01-31,30187211,1205944,648131,32714,47,47,"North America",5.8e+08,52046.9,2079.2,1117.5,56.4
"499","North America",2021-02-07,31148577,961366,678350,30219,48,48,"North America",5.8e+08,53704.4,1657.5,1169.6,52.1
"500","North America",2021-02-14,31904296,755719,704963,26613,49,49,"North America",5.8e+08,55007.4,1303,1215.5,45.9
"501","North America",2021-02-21,32467281,562985,725105,20142,50,50,"North America",5.8e+08,55978.1,970.7,1250.2,34.7
"502","North America",2021-02-28,33042065,574784,745453,20348,51,51,"North America",5.8e+08,56969.1,991,1285.3,35.1
"503","North America",2021-03-07,33546965,504900,762708,17255,52,52,"North America",5.8e+08,57839.6,870.5,1315,29.8
"504","North America",2021-03-14,34013470,466505,775937,13230,53,53,"North America",5.8e+08,58643.9,804.3,1337.8,22.8
"505","North America",2021-03-21,34482324,468854,787247,11310,54,54,"North America",5.8e+08,59452.3,808.4,1357.3,19.5
"506","North America",2021-03-28,35018248,535924,798179,10932,55,55,"North America",5.8e+08,60376.3,924,1376.2,18.8
"507","North America",2021-04-04,35556213,537965,806935,8756,56,56,"North America",5.8e+08,61303.8,927.5,1391.3,15.1
"508","North America",2021-04-11,36170260,614047,819765,12830,57,57,"North America",5.8e+08,62362.5,1058.7,1413.4,22.1
"509","North America",2021-04-18,36768772,598512,828788,9024,58,58,"North America",5.8e+08,63394.4,1031.9,1428.9,15.6
"510","North America",2021-04-25,37295226,526454,837380,8592,59,59,"North America",5.8e+08,64302.1,907.7,1443.8,14.8
"511","North America",2021-05-02,37757261,462035,845539,8159,60,60,"North America",5.8e+08,65098.7,796.6,1457.8,14.1
"512","North America",2021-05-09,38156349,399089,853092,7553,61,61,"North America",5.8e+08,65786.8,688.1,1470.8,13
"513","North America",2021-05-16,38498898,342549,859887,6795,62,62,"North America",5.8e+08,66377.4,590.6,1482.6,11.7
"514","North America",2021-05-23,38773246,274348,866049,6162,63,63,"North America",5.8e+08,66850.4,473,1493.2,10.6
"515","North America",2021-05-30,38999577,226331,873430,7381,64,64,"North America",5.8e+08,67240.6,390.2,1505.9,12.7
"516","North America",2021-06-06,39187896,188319,883048,9618,65,65,"North America",5.8e+08,67565.3,324.7,1522.5,16.6
"517","North America",2021-06-13,39370268,182372,887829,4781,66,66,"North America",5.8e+08,67879.8,314.4,1530.7,8.2
"518","North America",2021-06-20,39535794,165526,891896,4067,67,67,"North America",5.8e+08,68165.2,285.4,1537.8,7
"519","North America",2021-06-27,39714905,179111,896519,4623,68,68,"North America",5.8e+08,68474,308.8,1545.7,8
"520","North America",2021-07-04,39911898,196993,900399,3880,69,69,"North America",5.8e+08,68813.6,339.6,1552.4,6.7
"521","North America",2021-07-11,40190963,279065,904453,4054,70,70,"North America",5.8e+08,69294.8,481.1,1559.4,7
"522","North America",2021-07-18,40581799,390836,908876,4423,71,71,"North America",5.8e+08,69968.6,673.9,1567,7.6
"523","North America",2021-07-25,41147479,565680,914062,5186,72,72,"North America",5.8e+08,70943.9,975.3,1576,8.9
"524","North America",2021-08-01,41942915,795436,920851,6789,73,73,"North America",5.8e+08,72315.4,1371.4,1587.7,11.7
"525","North America",2021-08-08,42955212,1012297,929448,8597,74,74,"North America",5.8e+08,74060.7,1745.3,1602.5,14.8
"526","North America",2021-08-15,44132776,1177564,939540,10092,75,75,"North America",5.8e+08,76091,2030.3,1619.9,17.4
"527","North America",2021-08-22,45460281,1327505,953382,13842,76,76,"North America",5.8e+08,78379.8,2288.8,1643.8,23.9
"528","North America",2021-08-29,46813297,1353016,969417,16035,77,77,"North America",5.8e+08,80712.6,2332.8,1671.4,27.6
"529","North America",2021-09-05,48211316,1398019,987409,17992,78,78,"North America",5.8e+08,83123,2410.4,1702.4,31
"530","North America",2021-09-12,49468577,1257261,1006015,18606,79,79,"North America",5.8e+08,85290.6,2167.7,1734.5,32.1
"531","North America",2021-09-19,50690376,1221799,1025713,19698,80,80,"North America",5.8e+08,87397.2,2106.6,1768.5,34
"532","North America",2021-09-26,51737469,1047093,1046183,20470,81,81,"North America",5.8e+08,89202.5,1805.3,1803.8,35.3
"533","North America",2021-10-03,52653177,915708,1064919,18736,82,82,"North America",5.8e+08,90781.3,1578.8,1836.1,32.3
"534","North America",2021-10-10,53456865,803688,1081683,16764,83,83,"North America",5.8e+08,92167,1385.7,1865,28.9
"535","North America",2021-10-17,54146047,689182,1097286,15603,84,84,"North America",5.8e+08,93355.3,1188.2,1891.9,26.9
"536","North America",2021-10-24,54732281,586234,1112146,14860,85,85,"North America",5.8e+08,94366,1010.7,1917.5,25.6
"537","North America",2021-10-31,55326927,594646,1124741,12595,86,86,"North America",5.8e+08,95391.3,1025.3,1939.2,21.7
"538","North America",2021-11-07,55911664,584737,1135714,10973,87,87,"North America",5.8e+08,96399.4,1008.2,1958.1,18.9
"539","North America",2021-11-14,56539961,628297,1146513,10799,88,88,"North America",5.8e+08,97482.7,1083.3,1976.7,18.6
"540","North America",2021-11-21,57253646,713685,1156546,10033,89,89,"North America",5.8e+08,98713.2,1230.5,1994,17.3
"541","North America",2021-11-28,57825692,572046,1164382,7836,90,90,"North America",5.8e+08,99699.5,986.3,2007.6,13.5
"542","North America",2021-12-05,58741861,916169,1178418,14036,91,91,"North America",5.8e+08,101279.1,1579.6,2031.8,24.2
"543","North America",2021-12-12,59631737,889876,1189379,10961,92,92,"North America",5.8e+08,102813.3,1534.3,2050.7,18.9
"544","North America",2021-12-19,60662664,1030927,1200296,10917,93,93,"North America",5.8e+08,104590.8,1777.5,2069.5,18.8
"545","North America",2021-12-26,62300251,1637587,1212005,11709,94,94,"North America",5.8e+08,107414.2,2823.4,2089.7,20.2
"546","North America",2022-01-02,65620808,3320557,1222784,10779,95,95,"North America",5.8e+08,113139.3,5725.1,2108.2,18.6
"547","North America",2022-01-09,71322158,5701350,1236748,13964,96,96,"North America",5.8e+08,122969.2,9829.9,2132.3,24.1
"548","North America",2022-01-16,77623264,6301106,1253498,16750,97,97,"North America",5.8e+08,133833.2,10864,2161.2,28.9
"549","North America",2022-01-23,83232601,5609337,1272142,18644,98,98,"North America",5.8e+08,143504.5,9671.3,2193.3,32.1
"550","North America",2022-01-30,87374683,4142082,1294267,22125,99,99,"North America",5.8e+08,150646,7141.5,2231.5,38.1
"551","North America",2022-02-06,89801781,2428510,1317116,22849,100,100,"North America",5.8e+08,154830.7,4187.1,2270.9,39.4
"552","North America",2022-02-13,91339472,1537691,1338284,21168,101,101,"North America",5.8e+08,157481.8,2651.2,2307.4,36.5
"553","North America",2022-02-20,92305579,966107,1358017,19733,102,102,"North America",5.8e+08,159147.5,1665.7,2341.4,34
"554","North America",2022-02-27,92961484,655905,1373730,15713,103,103,"North America",5.8e+08,160278.4,1130.9,2368.5,27.1
"555","North America",2022-03-06,93437800,476316,1386308,12578,104,104,"North America",5.8e+08,161099.7,821.2,2390.2,21.7
"556","North America",2022-03-13,93795110,357310,1396822,10596,105,105,"North America",5.8e+08,161715.7,616.1,2408.3,18.3
"557","North America",2022-03-20,94098016,302906,1405268,8446,106,106,"North America",5.8e+08,162238,522.3,2422.9,14.6
"558","North America",2022-03-27,94401578,303562,1411773,6505,107,107,"North America",5.8e+08,162761.3,523.4,2434.1,11.2
"559","North America",2022-04-03,94690089,288511,1417465,5692,108,108,"North America",5.8e+08,163258.8,497.4,2443.9,9.8
"560","North America",2022-04-10,95054416,364327,1422281,4816,109,109,"North America",5.8e+08,163886.9,628.1,2452.2,8.3
"561","North America",2022-04-17,95399938,345522,1426235,3954,110,110,"North America",5.8e+08,164482.7,595.7,2459,6.8
"562","North America",2022-04-24,95846901,446963,1429650,3415,111,111,"North America",5.8e+08,165253.3,770.6,2464.9,5.9
"563","North America",2022-05-01,96312067,465166,1432835,3185,112,112,"North America",5.8e+08,166055.3,802,2470.4,5.5
"564","North America",2022-05-08,96891276,579209,1437101,4266,113,113,"North America",5.8e+08,167053.9,998.6,2477.8,7.4
"565","North America",2022-05-15,97575392,684116,1439810,2709,114,114,"North America",5.8e+08,168233.4,1179.5,2482.4,4.7
"566","North America",2022-05-22,98449073,873681,1443154,3344,115,115,"North America",5.8e+08,169739.8,1506.3,2488.2,5.8
"567","North America",2022-05-29,99234140,785067,1446485,3331,116,116,"North America",5.8e+08,171093.3,1353.6,2493.9,5.7
"568","North America",2022-06-05,100116327,882187,1449274,2789,117,117,"North America",5.8e+08,172614.4,1521,2498.7,4.8
"569","North America",2022-06-12,100941251,824924,1452578,3304,118,118,"North America",5.8e+08,174036.6,1422.3,2504.4,5.7
"570","North America",2022-06-19,101769914,828663,1455386,2808,119,119,"North America",5.8e+08,175465.4,1428.7,2509.3,4.8
"571","North America",2022-06-26,102632671,862757,1458273,2887,120,120,"North America",5.8e+08,176952.9,1487.5,2514.3,5
"572","North America",2022-07-03,103625326,992655,1460691,2418,121,121,"North America",5.8e+08,178664.4,1711.5,2518.4,4.2
"573","North America",2022-07-10,104626359,1001033,1464335,3644,122,122,"North America",5.8e+08,180390.3,1725.9,2524.7,6.3
"574","North America",2022-07-17,105856925,1230566,1468114,3779,123,123,"North America",5.8e+08,182511.9,2121.7,2531.2,6.5
"575","North America",2022-07-24,107060323,1203398,1472490,4376,124,124,"North America",5.8e+08,184586.8,2074.8,2538.8,7.5
"576","North America",2022-07-31,108199543,1139220,1476392,3902,125,125,"North America",5.8e+08,186550.9,1964.2,2545.5,6.7
"577","North America",2022-08-07,109206112,1006569,1481169,4777,126,126,"North America",5.8e+08,188286.4,1735.5,2553.7,8.2
"578","North America",2022-08-14,110146671,940559,1485340,4171,127,127,"North America",5.8e+08,189908.1,1621.7,2560.9,7.2
"579","North America",2022-08-21,110827672,681001,1490038,4698,128,128,"North America",5.8e+08,191082.2,1174.1,2569,8.1
"580","North America",2022-08-28,111605414,777742,1493647,3609,129,129,"North America",5.8e+08,192423.1,1340.9,2575.3,6.2
"581","Oceania",2020-01-26,4,4,0,0,0,0,"Oceania",3.8e+07,0.1,0.1,0,0
"582","Oceania",2020-02-02,12,8,0,0,0,0,"Oceania",3.8e+07,0.3,0.2,0,0
"583","Oceania",2020-02-09,15,3,0,0,0,0,"Oceania",3.8e+07,0.4,0.1,0,0
"584","Oceania",2020-02-16,15,0,0,0,0,0,"Oceania",3.8e+07,0.4,0,0,0
"585","Oceania",2020-02-23,15,0,0,0,0,0,"Oceania",3.8e+07,0.4,0,0,0
"586","Oceania",2020-03-01,28,13,1,1,0,0,"Oceania",3.8e+07,0.7,0.3,0,0
"587","Oceania",2020-03-08,81,53,3,2,0,0,"Oceania",3.8e+07,2.1,1.4,0.1,0.1
"588","Oceania",2020-03-15,305,224,3,0,0,0,"Oceania",3.8e+07,8,5.9,0.1,0
"589","Oceania",2020-03-22,1654,1349,7,4,0,1,"Oceania",3.8e+07,43.5,35.5,0.2,0.1
"590","Oceania",2020-03-29,4504,2850,17,10,0,2,"Oceania",3.8e+07,118.5,75,0.4,0.3
"591","Oceania",2020-04-05,6739,2235,39,22,1,3,"Oceania",3.8e+07,177.3,58.8,1,0.6
"592","Oceania",2020-04-12,7663,924,72,33,2,4,"Oceania",3.8e+07,201.7,24.3,1.9,0.9
"593","Oceania",2020-04-19,8065,402,85,13,3,5,"Oceania",3.8e+07,212.2,10.6,2.2,0.3
"594","Oceania",2020-04-26,8209,144,103,18,4,6,"Oceania",3.8e+07,216,3.8,2.7,0.5
"595","Oceania",2020-05-03,8335,126,116,13,5,7,"Oceania",3.8e+07,219.3,3.3,3.1,0.3
"596","Oceania",2020-05-10,8471,136,119,3,6,8,"Oceania",3.8e+07,222.9,3.6,3.1,0.1
"597","Oceania",2020-05-17,8579,108,121,2,7,9,"Oceania",3.8e+07,225.8,2.8,3.2,0.1
"598","Oceania",2020-05-24,8644,65,125,4,8,10,"Oceania",3.8e+07,227.5,1.7,3.3,0.1
"599","Oceania",2020-05-31,8732,88,126,1,9,11,"Oceania",3.8e+07,229.8,2.3,3.3,0
"600","Oceania",2020-06-07,8795,63,125,0,10,12,"Oceania",3.8e+07,231.4,1.7,3.3,0
"601","Oceania",2020-06-14,8865,70,125,0,11,13,"Oceania",3.8e+07,233.3,1.8,3.3,0
"602","Oceania",2020-06-21,9013,148,125,0,12,14,"Oceania",3.8e+07,237.2,3.9,3.3,0
"603","Oceania",2020-06-28,9321,308,127,2,13,15,"Oceania",3.8e+07,245.3,8.1,3.3,0.1
"604","Oceania",2020-07-05,10147,826,129,2,14,16,"Oceania",3.8e+07,267,21.7,3.4,0.1
"605","Oceania",2020-07-12,11561,1414,131,2,15,17,"Oceania",3.8e+07,304.2,37.2,3.4,0.1
"606","Oceania",2020-07-19,13666,2105,146,15,16,18,"Oceania",3.8e+07,359.6,55.4,3.8,0.4
"607","Oceania",2020-07-26,16580,2914,184,38,17,19,"Oceania",3.8e+07,436.3,76.7,4.8,1
"608","Oceania",2020-08-02,20022,3442,247,63,18,20,"Oceania",3.8e+07,526.9,90.6,6.5,1.7
"609","Oceania",2020-08-09,23207,3185,340,93,19,21,"Oceania",3.8e+07,610.7,83.8,8.9,2.4
"610","Oceania",2020-08-16,25540,2333,448,108,20,22,"Oceania",3.8e+07,672.1,61.4,11.8,2.8
"611","Oceania",2020-08-23,27027,1487,545,97,21,23,"Oceania",3.8e+07,711.2,39.1,14.3,2.6
"612","Oceania",2020-08-30,27971,944,684,139,22,24,"Oceania",3.8e+07,736.1,24.8,18,3.7
"613","Oceania",2020-09-06,28625,654,794,110,23,25,"Oceania",3.8e+07,753.3,17.2,20.9,2.9
"614","Oceania",2020-09-13,29032,407,850,56,24,26,"Oceania",3.8e+07,764,10.7,22.4,1.5
"615","Oceania",2020-09-20,29276,244,886,36,25,27,"Oceania",3.8e+07,770.4,6.4,23.3,0.9
"616","Oceania",2020-09-27,29441,165,910,24,26,28,"Oceania",3.8e+07,774.8,4.3,23.9,0.6
"617","Oceania",2020-10-04,29575,134,929,19,27,29,"Oceania",3.8e+07,778.3,3.5,24.4,0.5
"618","Oceania",2020-10-11,29742,167,933,4,28,30,"Oceania",3.8e+07,782.7,4.4,24.6,0.1
"619","Oceania",2020-10-18,29901,159,940,7,29,31,"Oceania",3.8e+07,786.9,4.2,24.7,0.2
"620","Oceania",2020-10-25,30085,184,940,0,30,32,"Oceania",3.8e+07,791.7,4.8,24.7,0
"621","Oceania",2020-11-01,30197,112,942,2,31,33,"Oceania",3.8e+07,794.7,2.9,24.8,0.1
"622","Oceania",2020-11-08,30298,102,942,0,32,34,"Oceania",3.8e+07,797.3,2.7,24.8,0
"623","Oceania",2020-11-15,30405,107,942,0,33,35,"Oceania",3.8e+07,800.1,2.8,24.8,0
"624","Oceania",2020-11-22,30525,120,942,0,34,36,"Oceania",3.8e+07,803.3,3.2,24.8,0
"625","Oceania",2020-11-29,30665,140,943,1,35,37,"Oceania",3.8e+07,807,3.7,24.8,0
"626","Oceania",2020-12-06,30790,125,943,0,36,38,"Oceania",3.8e+07,810.3,3.3,24.8,0
"627","Oceania",2020-12-13,30928,138,944,1,37,39,"Oceania",3.8e+07,813.9,3.6,24.8,0
"628","Oceania",2020-12-20,31149,221,944,0,38,40,"Oceania",3.8e+07,819.7,5.8,24.8,0
"629","Oceania",2020-12-27,31331,182,946,2,39,41,"Oceania",3.8e+07,824.5,4.8,24.9,0.1
"630","Oceania",2021-01-03,31557,226,946,0,40,42,"Oceania",3.8e+07,830.4,5.9,24.9,0
"631","Oceania",2021-01-10,31724,167,947,1,41,43,"Oceania",3.8e+07,834.8,4.4,24.9,0
"632","Oceania",2021-01-17,31896,172,947,0,42,44,"Oceania",3.8e+07,839.4,4.5,24.9,0
"633","Oceania",2021-01-24,31980,84,947,0,43,45,"Oceania",3.8e+07,841.6,2.2,24.9,0
"634","Oceania",2021-01-31,32053,73,947,0,44,46,"Oceania",3.8e+07,843.5,1.9,24.9,0
"635","Oceania",2021-02-07,32153,100,948,1,45,47,"Oceania",3.8e+07,846.1,2.6,24.9,0
"636","Oceania",2021-02-14,32232,79,948,0,46,48,"Oceania",3.8e+07,848.2,2.1,24.9,0
"637","Oceania",2021-02-21,32340,108,949,1,47,49,"Oceania",3.8e+07,851.1,2.8,25,0
"638","Oceania",2021-02-28,32717,377,951,2,48,50,"Oceania",3.8e+07,861,9.9,25,0.1
"639","Oceania",2021-03-07,33124,407,955,4,49,51,"Oceania",3.8e+07,871.7,10.7,25.1,0.1
"640","Oceania",2021-03-14,33828,704,960,5,50,52,"Oceania",3.8e+07,890.2,18.5,25.3,0.1
"641","Oceania",2021-03-21,34849,1021,975,15,51,53,"Oceania",3.8e+07,917.1,26.9,25.7,0.4
"642","Oceania",2021-03-28,37049,2200,984,9,52,54,"Oceania",3.8e+07,975,57.9,25.9,0.2
"643","Oceania",2021-04-04,38999,1950,1000,16,53,55,"Oceania",3.8e+07,1026.3,51.3,26.3,0.4
"644","Oceania",2021-04-11,40542,1543,1007,7,54,56,"Oceania",3.8e+07,1066.9,40.6,26.5,0.2
"645","Oceania",2021-04-18,41970,1428,1029,22,55,57,"Oceania",3.8e+07,1104.5,37.6,27.1,0.6
"646","Oceania",2021-04-25,43074,1104,1043,14,56,58,"Oceania",3.8e+07,1133.5,29.1,27.4,0.4
"647","Oceania",2021-05-02,43817,743,1056,13,57,59,"Oceania",3.8e+07,1153.1,19.6,27.8,0.3
"648","Oceania",2021-05-09,44376,559,1063,7,58,60,"Oceania",3.8e+07,1167.8,14.7,28,0.2
"649","Oceania",2021-05-16,46540,2164,1079,16,59,61,"Oceania",3.8e+07,1224.7,56.9,28.4,0.4
"650","Oceania",2021-05-23,47862,1322,1097,18,60,62,"Oceania",3.8e+07,1259.5,34.8,28.9,0.5
"651","Oceania",2021-05-30,49062,1200,1105,8,61,63,"Oceania",3.8e+07,1291.1,31.6,29.1,0.2
"652","Oceania",2021-06-06,49922,860,1107,2,62,64,"Oceania",3.8e+07,1313.7,22.6,29.1,0.1
"653","Oceania",2021-06-13,50806,884,1108,1,63,65,"Oceania",3.8e+07,1337,23.3,29.2,0
"654","Oceania",2021-06-20,52007,1201,1119,11,64,66,"Oceania",3.8e+07,1368.6,31.6,29.4,0.3
"655","Oceania",2021-06-27,53990,1983,1127,8,65,67,"Oceania",3.8e+07,1420.8,52.2,29.7,0.2
"656","Oceania",2021-07-04,56856,2866,1142,15,66,68,"Oceania",3.8e+07,1496.2,75.4,30.1,0.4
"657","Oceania",2021-07-11,61876,5020,1174,32,67,69,"Oceania",3.8e+07,1628.3,132.1,30.9,0.8
"658","Oceania",2021-07-18,69722,7846,1220,46,68,70,"Oceania",3.8e+07,1834.8,206.5,32.1,1.2
"659","Oceania",2021-07-25,76756,7034,1325,105,69,71,"Oceania",3.8e+07,2019.9,185.1,34.9,2.8
"660","Oceania",2021-08-01,85654,8898,1387,62,70,72,"Oceania",3.8e+07,2254.1,234.2,36.5,1.6
"661","Oceania",2021-08-08,94308,8654,1459,72,71,73,"Oceania",3.8e+07,2481.8,227.7,38.4,1.9
"662","Oceania",2021-08-15,100152,5844,1555,96,72,74,"Oceania",3.8e+07,2635.6,153.8,40.9,2.5
"663","Oceania",2021-08-22,109439,9287,1643,88,73,75,"Oceania",3.8e+07,2880,244.4,43.2,2.3
"664","Oceania",2021-08-29,120032,10593,1704,61,74,76,"Oceania",3.8e+07,3158.7,278.8,44.8,1.6
"665","Oceania",2021-09-05,132775,12743,1774,70,75,77,"Oceania",3.8e+07,3494.1,335.3,46.7,1.8
"666","Oceania",2021-09-12,146676,13901,1859,85,76,78,"Oceania",3.8e+07,3859.9,365.8,48.9,2.2
"667","Oceania",2021-09-19,159751,13075,1967,108,77,79,"Oceania",3.8e+07,4204,344.1,51.8,2.8
"668","Oceania",2021-09-26,173543,13792,2092,125,78,80,"Oceania",3.8e+07,4566.9,362.9,55.1,3.3
"669","Oceania",2021-10-03,189707,16164,2244,152,79,81,"Oceania",3.8e+07,4992.3,425.4,59.1,4
"670","Oceania",2021-10-10,208791,19084,2377,133,80,82,"Oceania",3.8e+07,5494.5,502.2,62.6,3.5
"671","Oceania",2021-10-17,226103,17312,2503,126,81,83,"Oceania",3.8e+07,5950.1,455.6,65.9,3.3
"672","Oceania",2021-10-24,245626,19523,2687,184,82,84,"Oceania",3.8e+07,6463.8,513.8,70.7,4.8
"673","Oceania",2021-10-31,260526,14900,2819,132,83,85,"Oceania",3.8e+07,6855.9,392.1,74.2,3.5
"674","Oceania",2021-11-07,272998,12472,2940,121,84,86,"Oceania",3.8e+07,7184.2,328.2,77.4,3.2
"675","Oceania",2021-11-14,284865,11867,3040,100,85,87,"Oceania",3.8e+07,7496.4,312.3,80,2.6
"676","Oceania",2021-11-21,296766,11901,3171,131,86,88,"Oceania",3.8e+07,7809.6,313.2,83.4,3.4
"677","Oceania",2021-11-28,308152,11386,3280,109,87,89,"Oceania",3.8e+07,8109.3,299.6,86.3,2.9
"678","Oceania",2021-12-05,319580,11428,3346,66,88,90,"Oceania",3.8e+07,8410,300.7,88.1,1.7
"679","Oceania",2021-12-12,332305,12725,3433,87,89,91,"Oceania",3.8e+07,8744.9,334.9,90.3,2.3
"680","Oceania",2021-12-19,356852,24547,3477,44,90,92,"Oceania",3.8e+07,9390.8,646,91.5,1.2
"681","Oceania",2021-12-26,413350,56498,3531,54,91,93,"Oceania",3.8e+07,10877.6,1486.8,92.9,1.4
"682","Oceania",2022-01-02,597263,183913,3606,75,92,94,"Oceania",3.8e+07,15717.4,4839.8,94.9,2
"683","Oceania",2022-01-09,1153707,556444,3739,133,93,95,"Oceania",3.8e+07,30360.7,14643.3,98.4,3.5
"684","Oceania",2022-01-16,1897099,743395,4070,331,94,96,"Oceania",3.8e+07,49923.7,19563,107.1,8.7
"685","Oceania",2022-01-23,2342972,445873,4565,495,95,97,"Oceania",3.8e+07,61657.2,11733.5,120.1,13
"686","Oceania",2022-01-30,2725685,382713,5213,648,96,98,"Oceania",3.8e+07,71728.6,10071.4,137.2,17.1
"687","Oceania",2022-02-06,2878105,152420,5734,521,97,99,"Oceania",3.8e+07,75739.6,4011.1,150.9,13.7
"688","Oceania",2022-02-13,3048474,170369,6149,415,98,100,"Oceania",3.8e+07,80223,4483.4,161.8,10.9
"689","Oceania",2022-02-20,3198083,149609,6553,404,99,101,"Oceania",3.8e+07,84160.1,3937.1,172.4,10.6
"690","Oceania",2022-02-27,3414530,216447,6841,288,100,102,"Oceania",3.8e+07,89856.1,5696,180,7.6
"691","Oceania",2022-03-06,3745873,331343,7149,309,101,103,"Oceania",3.8e+07,98575.6,8719.6,188.1,8.1
"692","Oceania",2022-03-13,4124459,378586,7385,236,102,104,"Oceania",3.8e+07,108538.4,9962.8,194.3,6.2
"693","Oceania",2022-03-20,4568545,444086,7631,246,103,105,"Oceania",3.8e+07,120224.9,11686.5,200.8,6.5
"694","Oceania",2022-03-27,5072453,503908,7891,260,104,106,"Oceania",3.8e+07,133485.6,13260.7,207.7,6.8
"695","Oceania",2022-04-03,5562535,490082,8464,573,105,107,"Oceania",3.8e+07,146382.5,12896.9,222.7,15.1
"696","Oceania",2022-04-10,6030637,468102,8738,274,106,108,"Oceania",3.8e+07,158701,12318.5,229.9,7.2
"697","Oceania",2022-04-17,6401259,370622,9071,333,107,109,"Oceania",3.8e+07,168454.2,9753.2,238.7,8.8
"698","Oceania",2022-04-24,6765836,364577,9347,276,108,110,"Oceania",3.8e+07,178048.3,9594.1,246,7.3
"699","Oceania",2022-05-01,7099996,334160,9657,310,109,111,"Oceania",3.8e+07,186842,8793.7,254.1,8.2
"700","Oceania",2022-05-08,7450640,350644,9988,331,110,112,"Oceania",3.8e+07,196069.5,9227.5,262.8,8.7
"701","Oceania",2022-05-15,7858184,407544,10332,344,111,113,"Oceania",3.8e+07,206794.3,10724.8,271.9,9.1
"702","Oceania",2022-05-22,8261960,403776,10643,311,112,114,"Oceania",3.8e+07,217420,10625.7,280.1,8.2
"703","Oceania",2022-05-29,8572050,310090,11090,447,113,115,"Oceania",3.8e+07,225580.3,8160.3,291.8,11.8
"704","Oceania",2022-06-05,8825017,252967,11451,361,114,116,"Oceania",3.8e+07,232237.3,6657,301.3,9.5
"705","Oceania",2022-06-12,9059247,234230,11796,345,115,117,"Oceania",3.8e+07,238401.2,6163.9,310.4,9.1
"706","Oceania",2022-06-19,9286399,227152,12183,387,116,118,"Oceania",3.8e+07,244378.9,5977.7,320.6,10.2
"707","Oceania",2022-06-26,9524490,238091,12566,383,117,119,"Oceania",3.8e+07,250644.5,6265.6,330.7,10.1
"708","Oceania",2022-07-03,9804491,280001,12976,410,118,120,"Oceania",3.8e+07,258012.9,7368.4,341.5,10.8
"709","Oceania",2022-07-10,10141296,336805,13386,410,119,121,"Oceania",3.8e+07,266876.2,8863.3,352.3,10.8
"710","Oceania",2022-07-17,10506821,365525,13884,498,120,122,"Oceania",3.8e+07,276495.3,9619.1,365.4,13.1
"711","Oceania",2022-07-24,10895631,388810,14400,516,121,123,"Oceania",3.8e+07,286727.1,10231.8,378.9,13.6
"712","Oceania",2022-07-31,11250480,354849,15132,732,122,124,"Oceania",3.8e+07,296065.3,9338.1,398.2,19.3
"713","Oceania",2022-08-07,11512240,261760,15754,622,123,125,"Oceania",3.8e+07,302953.7,6888.4,414.6,16.4
"714","Oceania",2022-08-14,11699938,187698,16423,669,124,126,"Oceania",3.8e+07,307893.1,4939.4,432.2,17.6
"715","Oceania",2022-08-21,11848103,148165,16995,572,125,127,"Oceania",3.8e+07,311792.2,3899.1,447.2,15.1
"716","Oceania",2022-08-28,11955831,107728,17436,441,126,128,"Oceania",3.8e+07,314627.1,2834.9,458.8,11.6
"717","South America",2020-02-23,2,2,0,0,0,0,"South America",4.2e+08,0,0,0,0
"718","South America",2020-03-01,17,15,0,0,0,0,"South America",4.2e+08,0,0,0,0
"719","South America",2020-03-08,74,57,3,3,0,0,"South America",4.2e+08,0.2,0.1,0,0
"720","South America",2020-03-15,454,380,10,7,0,0,"South America",4.2e+08,1.1,0.9,0,0
"721","South America",2020-03-22,4180,3726,82,72,1,1,"South America",4.2e+08,10,8.9,0.2,0.2
"722","South America",2020-03-29,11313,7144,333,251,2,2,"South America",4.2e+08,26.9,17,0.8,0.6
"723","South America",2020-04-05,25527,14214,1129,796,3,3,"South America",4.2e+08,60.8,33.8,2.7,1.9
"724","South America",2020-04-12,50910,25383,2734,1605,4,4,"South America",4.2e+08,121.2,60.4,6.5,3.8
"725","South America",2020-04-19,82924,32014,5233,2499,5,5,"South America",4.2e+08,197.4,76.2,12.5,6
"726","South America",2020-04-26,139810,56886,9068,3835,6,6,"South America",4.2e+08,332.9,135.4,21.6,9.1
"727","South America",2020-05-03,215278,75468,15588,6520,7,7,"South America",4.2e+08,512.6,179.7,37.1,15.5
"728","South America",2020-05-10,315021,99743,23756,8168,8,8,"South America",4.2e+08,750,237.5,56.6,19.4
"729","South America",2020-05-17,448822,133801,33307,9551,9,9,"South America",4.2e+08,1068.6,318.6,79.3,22.7
"730","South America",2020-05-24,649156,200334,44816,11509,10,10,"South America",4.2e+08,1545.6,477,106.7,27.4
"731","South America",2020-05-31,902972,253816,56340,11524,11,11,"South America",4.2e+08,2149.9,604.3,134.1,27.4
"732","South America",2020-06-07,1181578,278606,69079,12739,12,12,"South America",4.2e+08,2813.3,663.3,164.5,30.3
"733","South America",2020-06-14,1460221,278643,82840,13761,13,13,"South America",4.2e+08,3476.7,663.4,197.2,32.8
"734","South America",2020-06-21,1776962,316741,96837,13997,14,14,"South America",4.2e+08,4230.9,754.1,230.6,33.3
"735","South America",2020-06-28,2150394,373432,110094,13257,15,15,"South America",4.2e+08,5120,889.1,262.1,31.6
"736","South America",2020-07-05,2511544,361150,123829,13735,16,16,"South America",4.2e+08,5979.9,859.9,294.8,32.7
"737","South America",2020-07-12,2890449,378905,137885,14056,17,17,"South America",4.2e+08,6882,902.2,328.3,33.5
"738","South America",2020-07-19,3261578,371129,154186,16301,18,18,"South America",4.2e+08,7765.7,883.6,367.1,38.8
"739","South America",2020-07-26,3727950,466372,168960,14774,19,19,"South America",4.2e+08,8876.1,1110.4,402.3,35.2
"740","South America",2020-08-02,4240053,512103,184583,15623,20,20,"South America",4.2e+08,10095.4,1219.3,439.5,37.2
"741","South America",2020-08-09,4747669,507616,200417,15834,21,21,"South America",4.2e+08,11304,1208.6,477.2,37.7
"742","South America",2020-08-16,5268361,520692,215899,15482,22,22,"South America",4.2e+08,12543.7,1239.7,514,36.9
"743","South America",2020-08-23,5750457,482096,231297,15398,23,23,"South America",4.2e+08,13691.6,1147.8,550.7,36.7
"744","South America",2020-08-30,6229760,479303,245619,14322,24,24,"South America",4.2e+08,14832.8,1141.2,584.8,34.1
"745","South America",2020-09-06,6714095,484335,258675,13056,25,25,"South America",4.2e+08,15985.9,1153.2,615.9,31.1
"746","South America",2020-09-13,7104413,390318,275537,16862,26,26,"South America",4.2e+08,16915.3,929.3,656,40.1
"747","South America",2020-09-20,7518347,413934,286648,11111,27,27,"South America",4.2e+08,17900.8,985.6,682.5,26.5
"748","South America",2020-09-27,7906807,388460,298091,11443,28,28,"South America",4.2e+08,18825.7,924.9,709.7,27.2
"749","South America",2020-10-04,8273667,366860,311539,13448,29,29,"South America",4.2e+08,19699.2,873.5,741.8,32
"750","South America",2020-10-11,8662201,388534,322111,10572,30,30,"South America",4.2e+08,20624.3,925.1,766.9,25.2
"751","South America",2020-10-18,8990768,328567,330880,8769,31,31,"South America",4.2e+08,21406.6,782.3,787.8,20.9
"752","South America",2020-10-25,9357539,366771,339595,8715,32,32,"South America",4.2e+08,22279.9,873.3,808.6,20.8
"753","South America",2020-11-01,9698822,341283,347595,8000,33,33,"South America",4.2e+08,23092.4,812.6,827.6,19
"754","South America",2020-11-08,9987147,288325,355009,7414,34,34,"South America",4.2e+08,23778.9,686.5,845.3,17.7
"755","South America",2020-11-15,10347298,360151,362835,7826,35,35,"South America",4.2e+08,24636.4,857.5,863.9,18.6
"756","South America",2020-11-22,10702625,355327,370293,7458,36,36,"South America",4.2e+08,25482.4,846,881.6,17.8
"757","South America",2020-11-29,11095502,392877,378049,7756,37,37,"South America",4.2e+08,26417.9,935.4,900.1,18.5
"758","South America",2020-12-06,11528442,432940,386211,8162,38,38,"South America",4.2e+08,27448.7,1030.8,919.5,19.4
"759","South America",2020-12-13,11955216,426774,394202,7991,39,39,"South America",4.2e+08,28464.8,1016.1,938.6,19
"760","South America",2020-12-20,12463446,508230,403391,9189,40,40,"South America",4.2e+08,29674.9,1210.1,960.5,21.9
"761","South America",2020-12-27,12880535,417089,411740,8349,41,41,"South America",4.2e+08,30667.9,993.1,980.3,19.9
"762","South America",2021-01-03,13323494,442959,421011,9271,42,42,"South America",4.2e+08,31722.6,1054.7,1002.4,22.1
"763","South America",2021-01-10,13954415,630921,433518,12507,43,43,"South America",4.2e+08,33224.8,1502.2,1032.2,29.8
"764","South America",2021-01-17,14637899,683484,446700,13182,44,44,"South America",4.2e+08,34852.1,1627.3,1063.6,31.4
"765","South America",2021-01-24,15272768,634869,462297,15597,45,45,"South America",4.2e+08,36363.7,1511.6,1100.7,37.1
"766","South America",2021-01-31,15881626,608858,478779,16482,46,46,"South America",4.2e+08,37813.4,1449.7,1140,39.2
"767","South America",2021-02-07,16421566,539940,494382,15603,47,47,"South America",4.2e+08,39099,1285.6,1177.1,37.1
"768","South America",2021-02-14,16927510,505944,511051,16669,48,48,"South America",4.2e+08,40303.6,1204.6,1216.8,39.7
"769","South America",2021-02-21,17422036,494526,526828,15777,49,49,"South America",4.2e+08,41481,1177.4,1254.4,37.6
"770","South America",2021-02-28,17974897,552861,542944,16116,50,50,"South America",4.2e+08,42797.4,1316.3,1292.7,38.4
"771","South America",2021-03-07,18616004,641107,560976,18032,51,51,"South America",4.2e+08,44323.8,1526.4,1335.7,42.9
"772","South America",2021-03-14,19265681,649677,580700,19724,52,52,"South America",4.2e+08,45870.7,1546.8,1382.6,47
"773","South America",2021-03-21,20010254,744573,604368,23668,53,53,"South America",4.2e+08,47643.5,1772.8,1439,56.4
"774","South America",2021-03-28,20820154,809900,630844,26476,54,54,"South America",4.2e+08,49571.8,1928.3,1502,63
"775","South America",2021-04-04,21576521,756367,658971,28127,55,55,"South America",4.2e+08,51372.7,1800.9,1569,67
"776","South America",2021-04-11,22488244,911723,691680,32709,56,56,"South America",4.2e+08,53543.4,2170.8,1646.9,77.9
"777","South America",2021-04-18,23389457,901213,723582,31902,57,57,"South America",4.2e+08,55689.2,2145.7,1722.8,76
"778","South America",2021-04-25,24252654,863197,754977,31395,58,58,"South America",4.2e+08,57744.4,2055.2,1797.6,74.8
"779","South America",2021-05-02,25086451,833797,785169,30192,59,59,"South America",4.2e+08,59729.6,1985.2,1869.4,71.9
"780","South America",2021-05-09,25909111,822660,813647,28478,60,60,"South America",4.2e+08,61688.4,1958.7,1937.3,67.8
"781","South America",2021-05-16,26777277,868166,840186,26539,61,61,"South America",4.2e+08,63755.4,2067.1,2000.4,63.2
"782","South America",2021-05-23,27740090,962813,866808,26622,62,62,"South America",4.2e+08,66047.8,2292.4,2063.8,63.4
"783","South America",2021-05-30,28686196,946106,892193,25385,63,63,"South America",4.2e+08,68300.5,2252.6,2124.3,60.4
"784","South America",2021-06-06,29674739,988543,916751,24558,64,64,"South America",4.2e+08,70654.1,2353.7,2182.7,58.5
"785","South America",2021-06-13,30644729,969990,944320,27569,65,65,"South America",4.2e+08,72963.6,2309.5,2248.4,65.6
"786","South America",2021-06-20,31620890,976161,971025,26705,66,66,"South America",4.2e+08,75287.8,2324.2,2312,63.6
"787","South America",2021-06-27,32565489,944599,995052,24027,67,67,"South America",4.2e+08,77536.9,2249,2369.2,57.2
"788","South America",2021-07-04,33324013,758524,1017695,22643,68,68,"South America",4.2e+08,79342.9,1806,2423.1,53.9
"789","South America",2021-07-11,33986971,662958,1036763,19068,69,69,"South America",4.2e+08,80921.4,1578.5,2468.5,45.4
"790","South America",2021-07-18,34571007,584036,1054083,17320,70,70,"South America",4.2e+08,82311.9,1390.6,2509.7,41.2
"791","South America",2021-07-25,35107071,536064,1077401,23318,71,71,"South America",4.2e+08,83588.3,1276.3,2565.2,55.5
"792","South America",2021-08-01,35553265,446194,1091107,13706,72,72,"South America",4.2e+08,84650.6,1062.4,2597.9,32.6
"793","South America",2021-08-08,35945181,391916,1102263,11156,73,73,"South America",4.2e+08,85583.8,933.1,2624.4,26.6
"794","South America",2021-08-15,36270436,325255,1112376,10113,74,74,"South America",4.2e+08,86358.2,774.4,2648.5,24.1
"795","South America",2021-08-22,36578176,307740,1121058,8682,75,75,"South America",4.2e+08,87090.9,732.7,2669.2,20.7
"796","South America",2021-08-29,36831032,252856,1128478,7420,76,76,"South America",4.2e+08,87692.9,602,2686.9,17.7
"797","South America",2021-09-05,37050809,219777,1135617,7139,77,77,"South America",4.2e+08,88216.2,523.3,2703.8,17
"798","South America",2021-09-12,37217931,167122,1140972,5355,78,78,"South America",4.2e+08,88614.1,397.9,2716.6,12.8
"799","South America",2021-09-19,37510411,292480,1147075,6103,79,79,"South America",4.2e+08,89310.5,696.4,2731.1,14.5
"800","South America",2021-09-26,37683110,172699,1152160,5085,80,80,"South America",4.2e+08,89721.7,411.2,2743.2,12.1
"801","South America",2021-10-03,37838736,155626,1156868,4708,81,81,"South America",4.2e+08,90092.2,370.5,2754.4,11.2
"802","South America",2021-10-10,37992564,153828,1160949,4081,82,82,"South America",4.2e+08,90458.5,366.3,2764.2,9.7
"803","South America",2021-10-17,38108818,116254,1164179,3230,83,83,"South America",4.2e+08,90735.3,276.8,2771.9,7.7
"804","South America",2021-10-24,38244985,136167,1167438,3259,84,84,"South America",4.2e+08,91059.5,324.2,2779.6,7.8
"805","South America",2021-10-31,38380132,135147,1170441,3003,85,85,"South America",4.2e+08,91381.3,321.8,2786.8,7.2
"806","South America",2021-11-07,38505753,125621,1172963,2522,86,86,"South America",4.2e+08,91680.4,299.1,2792.8,6
"807","South America",2021-11-14,38650782,145029,1175802,2839,87,87,"South America",4.2e+08,92025.7,345.3,2799.5,6.8
"808","South America",2021-11-21,38778860,128078,1178262,2460,88,88,"South America",4.2e+08,92330.6,304.9,2805.4,5.9
"809","South America",2021-11-28,38915124,136264,1181110,2848,89,89,"South America",4.2e+08,92655.1,324.4,2812.2,6.8
"810","South America",2021-12-05,39045791,130667,1183892,2782,90,90,"South America",4.2e+08,92966.2,311.1,2818.8,6.6
"811","South America",2021-12-12,39163809,118018,1186389,2497,91,91,"South America",4.2e+08,93247.2,281,2824.7,5.9
"812","South America",2021-12-19,39273879,110070,1188731,2342,92,92,"South America",4.2e+08,93509.2,262.1,2830.3,5.6
"813","South America",2021-12-26,39432946,159067,1190588,1857,93,93,"South America",4.2e+08,93888,378.7,2834.7,4.4
"814","South America",2022-01-02,39869142,436196,1192357,1769,94,94,"South America",4.2e+08,94926.5,1038.6,2838.9,4.2
"815","South America",2022-01-09,41092427,1223285,1194587,2230,95,95,"South America",4.2e+08,97839.1,2912.6,2844.3,5.3
"816","South America",2022-01-16,43069285,1976858,1198287,3700,96,96,"South America",4.2e+08,102545.9,4706.8,2853.1,8.8
"817","South America",2022-01-23,45757140,2687855,1204485,6198,97,97,"South America",4.2e+08,108945.6,6399.7,2867.8,14.8
"818","South America",2022-01-30,48360893,2603753,1214395,9910,98,98,"South America",4.2e+08,115145,6199.4,2891.4,23.6
"819","South America",2022-02-06,50446607,2085714,1225987,11592,99,99,"South America",4.2e+08,120111,4966,2919,27.6
"820","South America",2022-02-13,52025385,1578778,1237634,11647,100,100,"South America",4.2e+08,123870,3759,2946.7,27.7
"821","South America",2022-02-20,53239962,1214577,1248461,10827,101,101,"South America",4.2e+08,126761.8,2891.8,2972.5,25.8
"822","South America",2022-02-27,54152481,912519,1257140,8679,102,102,"South America",4.2e+08,128934.5,2172.7,2993.2,20.7
"823","South America",2022-03-06,54668779,516298,1262916,5776,103,103,"South America",4.2e+08,130163.8,1229.3,3006.9,13.8
"824","South America",2022-03-13,55173152,504373,1267893,4977,104,104,"South America",4.2e+08,131364.6,1200.9,3018.8,11.8
"825","South America",2022-03-20,55598842,425690,1271657,3764,105,105,"South America",4.2e+08,132378.2,1013.5,3027.8,9
"826","South America",2022-03-27,55908110,309268,1286099,14442,106,106,"South America",4.2e+08,133114.5,736.4,3062.1,34.4
"827","South America",2022-04-03,56128647,220537,1288664,2565,107,107,"South America",4.2e+08,133639.6,525.1,3068.2,6.1
"828","South America",2022-04-10,56331206,202559,1290479,1815,108,108,"South America",4.2e+08,134121.9,482.3,3072.6,4.3
"829","South America",2022-04-17,56467600,136394,1291794,1315,109,109,"South America",4.2e+08,134446.7,324.7,3075.7,3.1
"830","South America",2022-04-24,56591300,123700,1292872,1078,110,110,"South America",4.2e+08,134741.2,294.5,3078.3,2.6
"831","South America",2022-05-01,56745038,153738,1294441,1569,111,111,"South America",4.2e+08,135107.2,366,3082,3.7
"832","South America",2022-05-08,56896566,151528,1295357,916,112,112,"South America",4.2e+08,135468,360.8,3084.2,2.2
"833","South America",2022-05-15,57094508,197942,1296421,1064,113,113,"South America",4.2e+08,135939.3,471.3,3086.7,2.5
"834","South America",2022-05-22,57296347,201839,1297367,946,114,114,"South America",4.2e+08,136419.9,480.6,3089,2.3
"835","South America",2022-05-29,57581923,285576,1298233,866,115,115,"South America",4.2e+08,137099.8,679.9,3091,2.1
"836","South America",2022-06-05,57892297,310374,1299096,863,116,116,"South America",4.2e+08,137838.8,739,3093.1,2.1
"837","South America",2022-06-12,58320033,427736,1300508,1412,117,117,"South America",4.2e+08,138857.2,1018.4,3096.4,3.4
"838","South America",2022-06-19,58659601,339568,1301474,966,118,118,"South America",4.2e+08,139665.7,808.5,3098.7,2.3
"839","South America",2022-06-26,59221967,562366,1303419,1945,119,119,"South America",4.2e+08,141004.7,1339,3103.4,4.6
"840","South America",2022-07-03,59854218,632251,1305596,2177,120,120,"South America",4.2e+08,142510,1505.4,3108.6,5.2
"841","South America",2022-07-10,60457164,602946,1307944,2348,121,121,"South America",4.2e+08,143945.6,1435.6,3114.2,5.6
"842","South America",2022-07-17,61100231,643067,1310402,2458,122,122,"South America",4.2e+08,145476.7,1531.1,3120,5.9
"843","South America",2022-07-24,61672951,572720,1312952,2550,123,123,"South America",4.2e+08,146840.4,1363.6,3126.1,6.1
"844","South America",2022-07-31,62173787,500836,1315507,2555,124,124,"South America",4.2e+08,148032.8,1192.5,3132.2,6.1
"845","South America",2022-08-07,62585582,411795,1317977,2470,125,125,"South America",4.2e+08,149013.3,980.5,3138,5.9
"846","South America",2022-08-14,62910451,324869,1320204,2227,126,126,"South America",4.2e+08,149786.8,773.5,3143.3,5.3
"847","South America",2022-08-21,63196461,286010,1322262,2058,127,127,"South America",4.2e+08,150467.8,681,3148.2,4.9
"848","South America",2022-08-28,63421603,225142,1324076,1814,128,128,"South America",4.2e+08,151003.8,536.1,3152.6,4.3
